0   			MISSING_ANIM
1   			STAND
2   			PERSISTENT_METADATA_ALIVE
3   			PERSISTENT_METADATA_DEAD
4   			PERSISTENT_METADATA_FLYING
5   			PORTHOLE_IDLE
6   			PORTHOLE_AFFIRMATIVE
7   			PORTHOLE_NEGATIVE
8   			PORTHOLE_STAND_IDLE
9   			PORTHOLE_STAND_AFFIRMATIVE
10  			PORTHOLE_STAND_NEGATIVE
11  			ENGINE_FIRE
12  			ENGINE_FIRE_LOOP
13  			ENGINE_LOAD
14  			ENGINE_RETURN_TO_FIRING_POSITION
15  			ENGINE_LOAD_IDLE
16  			ENGINE_FIRE_IDLE
17  			ENGINE_BURNING_START
18  			ENGINE_BURNING_LOOP
19  			ENGINE_LIMBER
20  			ENGINE_UNLIMBER
21  			ENGINE_LIMBERED
22  			ENGINE_LIMBERED_FORWARDS
23  			ENGINE_LIMBERED_BACKWARDS
24  			ENGINE_LIMBERED_TURN_LEFT
25  			ENGINE_LIMBERED_TURN_RIGHT
26  			WHALE_DIVE
27  			STAND_TO_WALK
28  			STAND_TO_COMBAT_READY
29  			STAND_TO_STAND_SHIELD_UP
30  			STAND_TO_STAND_SHIELD_FRONT
31  			STAND_TO_STAND_SHIELD_TOP
32  			STAND_IDLE_1
33  			STAND_IDLE_2
34  			STAND_IDLE_3
35  			STAND_IDLE_4
36  			STAND_IDLE_5
37  			STAND_IDLE_6
38  			STAND_IDLE_7
39  			STAND_IDLE_8
40  			STAND_IDLE_9
41  			STAND_IDLE_10
42  			WALK_1
43  			WALK_2
44  			WALK_3
45  			WALK_4
46  			WALK_5
47  			WALK_TO_STAND
48  			WALK_IDLE_1
49  			WALK_IDLE_2
50  			WALK_IDLE_3
51  			WALK_IDLE_4
52  			WALK_IDLE_5
53  			RUN_1
54  			RUN_2
55  			RUN_3
56  			RUN_4
57  			RUN_5
58  			RUN_TO_STAND
59  			RUN_IDLE_1
60  			RUN_IDLE_2
61  			RUN_IDLE_3
62  			RUN_IDLE_4
63  			RUN_IDLE_5
64  			WAR_MACHINE_RIDER_MOVE_IDLE_1
65  			WAR_MACHINE_RIDER_MOVE_IDLE_2
66  			WAR_MACHINE_RIDER_MOVE_IDLE_3
67  			WAR_MACHINE_RIDER_MOVE_IDLE_4
68  			WAR_MACHINE_RIDER_MOVE_IDLE_5
69  			STEP_FORWARD
70  			STEP_BACKWARD
71  			STEP_LEFT
72  			STEP_RIGHT
73  			TURN_LEFT_45
74  			TURN_RIGHT_45
75  			TURN_LEFT_90
76  			TURN_RIGHT_90
77  			TURN_LEFT_180
78  			TURN_RIGHT_180
79  			TURN_LEFT_TO_WALK_45
80  			TURN_RIGHT_TO_WALK_45
81  			TURN_LEFT_TO_WALK_90
82  			TURN_RIGHT_TO_WALK_90
83  			TURN_LEFT_TO_WALK_180
84  			TURN_RIGHT_TO_WALK_180
85  			LEAN_LEFT
86  			LEAN_RIGHT
87  			FLY_STAND
88  			FLY_IDLE_1
89  			FLY_IDLE_2
90  			FLY_IDLE_3
91  			FLY_IDLE_4
92  			FLY_IDLE_5
93  			FLY_WALK_1
94  			FLY_WALK_2
95  			FLY_WALK_3
96  			FLY_WALK_4
97  			FLY_WALK_5
98  			FLY_STEP_FORWARD
99  			FLY_STEP_BACKWARD
100 			FLY_STEP_LEFT
101 			FLY_STEP_RIGHT
102 			FLY_CHARGE_AIR_TO_AIR
103 			FLY_CHARGE_AIR_TO_GROUND
104 			FLY_CHARGE_LAND
105 			FLY_TAKEOFF
106 			FLY_COMBAT_READY
107 			FLY_COMBAT_READY_MOVE_1
108 			FLY_COMBAT_READY_MOVE_2
109 			FLY_COMBAT_READY_MOVE_3
110 			FLY_COMBAT_READY_MOVE_4
111 			FLY_COMBAT_READY_MOVE_5
112 			FLY_COMBAT_IDLE_1
113 			FLY_COMBAT_IDLE_2
114 			FLY_COMBAT_IDLE_3
115 			FLY_COMBAT_IDLE_4
116 			FLY_COMBAT_IDLE_5
117 			BE_MOUNTED_LEFT
118 			BE_MOUNTED_RIGHT
119 			BE_DISMOUNTED_LEFT
120 			BE_DISMOUNTED_RIGHT
121 			REFUSE_1
122 			REFUSE_2
123 			REFUSE_3
124 			REFUSE_4
125 			REFUSE_CAN_THROW_RIDER_1
126 			REFUSE_CAN_THROW_RIDER_2
127 			REFUSE_CAN_THROW_RIDER_3
128 			REFUSE_CAN_THROW_RIDER_4
129 			MOUNT_TESTUDO
130 			MOUNT_TESTUDO_TO_STAND
131 			STAND_TO_MOUNT_TESTUDO
132 			MOUNT_TESTUDO_IDLE_1
133 			MOUNT_TESTUDO_IDLE_2
134 			MOUNT_TESTUDO_IDLE_3
135 			CHARGE
136 			CHARGE_2
137 			CHARGE_3
138 			CHARGE_BERSERK
139 			CHARGE_BERSERK_2
140 			CHARGE_BERSERK_3
141 			WALK_JUMP
142 			RUN_JUMP
143 			KNOCKBACK_1
144 			KNOCKBACK_2
145 			KNOCKBACK_3
146 			KNOCKBACK_4
147 			KNOCKBACK_5
148 			KNOCKBACK_6
149 			KNOCKBACK_7
150 			KNOCKBACK_8
151 			KNOCKBACK_9
152 			KNOCKBACK_10
153 			KNOCKDOWN_1
154 			KNOCKDOWN_2
155 			KNOCKDOWN_3
156 			KNOCKDOWN_4
157 			KNOCKDOWN_5
158 			KNOCKDOWN_6
159 			KNOCKDOWN_7
160 			KNOCKDOWN_8
161 			KNOCKDOWN_9
162 			KNOCKDOWN_10
163 			KNOCKDOWN_DEATH_1
164 			KNOCKDOWN_DEATH_2
165 			KNOCKDOWN_DEATH_3
166 			KNOCKDOWN_DEATH_4
167 			KNOCKDOWN_DEATH_5
168 			KNOCKED_FLYING_1
169 			KNOCKED_FLYING_LANDED_1
170 			KNOCKED_FLYING_LANDED_2
171 			KNOCKED_FLYING_LANDED_3
172 			KNOCKED_FLYING_LANDED_4
173 			KNOCKED_FLYING_LANDED_5
174 			KNOCKED_FLYING_LANDED_DEATH_1
175 			KNOCKED_FLYING_LANDED_DEATH_2
176 			KNOCKED_FLYING_LANDED_DEATH_3
177 			KNOCKED_FLYING_LANDED_DEATH_4
178 			KNOCKED_FLYING_LANDED_DEATH_5
179 			FALL_OVER_BACKWARDS
180 			FALL_OVER_FORWARDS
181 			FALL_OVER_LEFTSIDE
182 			FALL_OVER_RIGHTSIDE
183 			FACE_DOWN_GET_UP
184 			FACE_UP_GET_UP
185 			LYING_DOWN_FACE_DOWN
186 			LYING_DOWN_FACE_UP
187 			DEATH_FACE_DOWN
188 			DEATH_FACE_UP
189 			FALL_CONTROLLED1
190 			FALL_CONTROLLED2
191 			FALL_FLAILING_TRANSITION_IN
192 			FALL_FLAILING1
193 			FALL_FLAILING2
194 			FALL_TUMBLING1
195 			FALL_TUMBLING2
196 			LAND_ON_SPOT
197 			LAND_WITH_MOVEMENT
198 			WOUNDED_FACEDOWN_1
199 			WOUNDED_FACEDOWN_2
200 			WOUNDED_FACEDOWN_3
201 			WOUNDED_FACEDOWN_4
202 			WOUNDED_FACEDOWN_5
203 			WOUNDED_FACEDOWN_6
204 			WOUNDED_FACEDOWN_7
205 			WOUNDED_FACEDOWN_8
206 			WOUNDED_FACEDOWN_9
207 			WOUNDED_FACEDOWN_10
208 			WOUNDED_FACEUP_1
209 			WOUNDED_FACEUP_2
210 			WOUNDED_FACEUP_3
211 			WOUNDED_FACEUP_4
212 			WOUNDED_FACEUP_5
213 			WOUNDED_FACEUP_6
214 			WOUNDED_FACEUP_7
215 			WOUNDED_FACEUP_8
216 			WOUNDED_FACEUP_9
217 			WOUNDED_FACEUP_10
218 			WOUNDED_KNEEL_1
219 			WOUNDED_KNEEL_2
220 			WOUNDED_KNEEL_3
221 			WOUNDED_KNEEL_4
222 			WOUNDED_KNEEL_5
223 			WOUNDED_KNEEL_6
224 			WOUNDED_KNEEL_7
225 			WOUNDED_KNEEL_8
226 			WOUNDED_KNEEL_9
227 			WOUNDED_KNEEL_10
228 			WOUNDED_KNEEL_ALT_1
229 			WOUNDED_KNEEL_ALT_2
230 			WOUNDED_KNEEL_ALT_3
231 			WOUNDED_KNEEL_ALT_4
232 			WOUNDED_KNEEL_ALT_5
233 			DEATH_STAND_1
234 			DEATH_STAND_2
235 			DEATH_STAND_3
236 			DEATH_STAND_4
237 			DEATH_STAND_5
238 			DEATH_STAND_6
239 			DEATH_STAND_7
240 			DEATH_STAND_8
241 			DEATH_STAND_9
242 			DEATH_STAND_10
243 			DEATH_STAND_11
244 			DEATH_STAND_12
245 			DEATH_STAND_13
246 			DEATH_STAND_14
247 			DEATH_STAND_15
248 			DEATH_STAND_16
249 			DEATH_STAND_17
250 			DEATH_STAND_18
251 			DEATH_STAND_19
252 			DEATH_STAND_20
253 			DEATH_WALK_1
254 			DEATH_WALK_2
255 			DEATH_WALK_3
256 			DEATH_WALK_4
257 			DEATH_WALK_5
258 			DEATH_RUN_1
259 			DEATH_RUN_2
260 			DEATH_RUN_3
261 			DEATH_RUN_4
262 			DEATH_RUN_5
263 			DEATH_CHARGE_1
264 			DEATH_CHARGE_2
265 			DEATH_CHARGE_3
266 			DEATH_CHARGE_4
267 			DEATH_CHARGE_5
268 			DEATH_COMBAT_READY_1
269 			DEATH_COMBAT_READY_2
270 			DEATH_COMBAT_READY_3
271 			DEATH_COMBAT_READY_4
272 			DEATH_COMBAT_READY_5
273 			DEATH_COMBAT_READY_6
274 			DEATH_COMBAT_READY_7
275 			DEATH_COMBAT_READY_8
276 			DEATH_COMBAT_READY_9
277 			DEATH_COMBAT_READY_10
278 			DEATH_COMBAT_READY_11
279 			DEATH_COMBAT_READY_12
280 			DEATH_SHOOT_STAND_1
281 			DEATH_SHOOT_STAND_2
282 			DEATH_SHOOT_STAND_3
283 			DEATH_SHOOT_STAND_4
284 			DEATH_SHOOT_STAND_5
285 			DEATH_SHOOT_STAND_6
286 			DEATH_SHOOT_STAND_7
287 			DEATH_SHOOT_STAND_8
288 			DEATH_SHOOT_STAND_9
289 			DEATH_SHOOT_STAND_10
290 			DEATH_SHOOT_STAND_11
291 			DEATH_SHOOT_STAND_12
292 			DEATH_SHOOT_WALK_1
293 			DEATH_SHOOT_WALK_2
294 			DEATH_SHOOT_WALK_3
295 			DEATH_SHOOT_WALK_4
296 			DEATH_SHOOT_WALK_5
297 			DEATH_SHOOT_RUN_1
298 			DEATH_SHOOT_RUN_2
299 			DEATH_SHOOT_RUN_3
300 			DEATH_SHOOT_RUN_4
301 			DEATH_SHOOT_RUN_5
302 			DEATH_AIM_1
303 			DEATH_AIM_2
304 			DEATH_AIM_3
305 			DEATH_AIM_4
306 			DEATH_AIM_5
307 			DEATH_RELOAD_1
308 			DEATH_RELOAD_2
309 			DEATH_RELOAD_3
310 			DEATH_RELOAD_4
311 			DEATH_RELOAD_5
312 			DEATH_KNEEL_1
313 			DEATH_KNEEL_2
314 			DEATH_KNEEL_3
315 			DEATH_KNEEL_4
316 			DEATH_KNEEL_5
317 			DEATH_KNEEL_AIM_1
318 			DEATH_KNEEL_AIM_2
319 			DEATH_KNEEL_AIM_3
320 			DEATH_KNEEL_AIM_4
321 			DEATH_KNEEL_AIM_5
322 			DEATH_JUMP_1
323 			DEATH_JUMP_2
324 			DEATH_JUMP_3
325 			DEATH_JUMP_4
326 			DEATH_JUMP_5
327 			DEATH_MOVING_1
328 			DEATH_MOVING_2
329 			DEATH_MOVING_3
330 			DEATH_MOVING_4
331 			DEATH_MOVING_5
332 			DEATH_MOVING_6
333 			DEATH_MOVING_7
334 			DEATH_MOVING_8
335 			DEATH_MOVING_9
336 			DEATH_MOVING_10
337 			DEATH_MOVING_11
338 			DEATH_MOVING_12
339 			DEATH_BURNING_STAND_1
340 			DEATH_BURNING_STAND_2
341 			DEATH_BURNING_STAND_3
342 			DEATH_BURNING_STAND_4
343 			DEATH_BURNING_STAND_5
344 			DEATH_BURNING_MOVING_1
345 			DEATH_BURNING_MOVING_2
346 			DEATH_BURNING_MOVING_3
347 			DEATH_BURNING_MOVING_4
348 			DEATH_BURNING_MOVING_5
349 			DEATH_POISON_STAND_1
350 			DEATH_POISON_STAND_2
351 			DEATH_POISON_STAND_3
352 			DEATH_POISON_STAND_4
353 			DEATH_POISON_STAND_5
354 			DEATH_POISON_MOVING_1
355 			DEATH_POISON_MOVING_2
356 			DEATH_POISON_MOVING_3
357 			DEATH_POISON_MOVING_4
358 			DEATH_POISON_MOVING_5
359 			LAND_DEATH_1
360 			LAND_DEATH_2
361 			LAND_DEATH_3
362 			LAND_DEATH_4
363 			LAND_DEATH_5
364 			DEATH_KILL_ELEPHANT
365 			RESURRECT
366 			RUN_RESURRECT
367 			RUN_RESURRECT_TO_STAND
368 			HIT_REACTION_STAND_1
369 			HIT_REACTION_STAND_2
370 			HIT_REACTION_STAND_3
371 			HIT_REACTION_STAND_4
372 			HIT_REACTION_STAND_5
373 			HIT_REACTION_STAND_6
374 			HIT_REACTION_STAND_7
375 			HIT_REACTION_STAND_8
376 			HIT_REACTION_STAND_9
377 			HIT_REACTION_STAND_10
378 			MELEE_BLOCK_1
379 			MELEE_BLOCK_2
380 			MELEE_BLOCK_3
381 			MELEE_BLOCK_4
382 			MELEE_BLOCK_5
383 			MELEE_BLOCK_6
384 			MELEE_BLOCK_7
385 			MELEE_BLOCK_8
386 			MELEE_BLOCK_9
387 			MELEE_BLOCK_10
388 			FACIAL_ANIMATION_BLINK_1
389 			FACIAL_ANIMATION_BLINK_2
390 			FACIAL_ANIMATION_BLINK_3
391 			FACIAL_ANIMATION_FROWN_1
392 			FACIAL_ANIMATION_FROWN_2
393 			FACIAL_ANIMATION_FROWN_3
394 			FACIAL_ANIMATION_NARROW_EYES_1
395 			FACIAL_ANIMATION_NARROW_EYES_2
396 			FACIAL_ANIMATION_NARROW_EYES_3
397 			FACIAL_ANIMATION_SHOUT_1
398 			FACIAL_ANIMATION_SHOUT_2
399 			FACIAL_ANIMATION_SHOUT_3
400 			FACIAL_ANIMATION_SPEAK_1
401 			FACIAL_ANIMATION_SPEAK_2
402 			FACIAL_ANIMATION_SPEAK_3
403 			FACIAL_ANIMATION_SURPRISE_1
404 			FACIAL_ANIMATION_SURPRISE_2
405 			FACIAL_ANIMATION_SURPRISE_3
406 			FACE_POSE_RELAX
407 			FACE_POSE_RELAX_BLINK
408 			FACE_POSE_ANGRY
409 			FACE_POSE_ANGRY_BLINK
410 			FACE_POSE_ANGRY_SCREAM
411 			FACE_POSE_DEAD
412 			FACE_POSE_DEAD2
413 			FACE_POSE_DEATH_SCREAM
414 			FACE_POSE_WORRIED
415 			FACE_POSE_WORRIED_BLINK
416 			HAND_POSE_RELAX
417 			HAND_POSE_FLAT
418 			HAND_POSE_CLENCH
419 			HAND_POSE_GRIP
420 			HAND_POSE_HALF_OPEN
421 			HAND_POSE_THUMB_GRIP
422 			HAND_POSE_CUSTOM_1
423 			HAND_POSE_CUSTOM_2
424 			HAND_POSE_CUSTOM_3
425 			HAND_POSE_CUSTOM_4
426 			HAND_POSE_CUSTOM_5
427 			HAND_POSE_CUSTOM_6
428 			HAND_POSE_CUSTOM_7
429 			HAND_POSE_CUSTOM_8
430 			HAND_POSE_CUSTOM_9
431 			HAND_POSE_CUSTOM_10
432 			DOCK_EQUIPMENT_LEFT_HAND
433 			DOCK_EQUIPMENT_LEFT_HAND_2
434 			DOCK_EQUIPMENT_RIGHT_HAND
435 			DOCK_EQUIPMENT_RIGHT_HAND_2
436 			DOCK_EQUIPMENT_LEFT_WAIST
437 			DOCK_EQUIPMENT_RIGHT_WAIST
438 			DOCK_EQUIPMENT_BACK
439 			COMBAT_IDLE_1
440 			COMBAT_IDLE_2
441 			COMBAT_IDLE_3
442 			COMBAT_IDLE_4
443 			COMBAT_IDLE_5
444 			COMBAT_IDLE_6
445 			COMBAT_IDLE_7
446 			COMBAT_IDLE_8
447 			COMBAT_IDLE_9
448 			COMBAT_IDLE_10
449 			COMBAT_IDLE_11
450 			COMBAT_IDLE_12
451 			COMBAT_IDLE_13
452 			COMBAT_IDLE_14
453 			COMBAT_IDLE_15
454 			ATTACK_1
455 			ATTACK_2
456 			ATTACK_3
457 			ATTACK_4
458 			ATTACK_5
459 			ATTACK_6
460 			ATTACK_7
461 			ATTACK_8
462 			ATTACK_9
463 			ATTACK_10
464 			ATTACK_IDLE_1
465 			ATTACK_IDLE_2
466 			ATTACK_IDLE_3
467 			ATTACK_IDLE_4
468 			ATTACK_IDLE_5
469 			ATTACK_IDLE_6
470 			ATTACK_IDLE_7
471 			ATTACK_IDLE_8
472 			ATTACK_IDLE_9
473 			ATTACK_IDLE_10
474 			DEFEND_1
475 			DEFEND_2
476 			DEFEND_3
477 			DEFEND_4
478 			DEFEND_5
479 			DEFEND_6
480 			DEFEND_7
481 			DEFEND_8
482 			DEFEND_9
483 			DEFEND_10
484 			MOVING_ATTACK_1
485 			MOVING_ATTACK_2
486 			MOVING_ATTACK_3
487 			MOVING_ATTACK_4
488 			MOVING_ATTACK_5
489 			JUMPING_ATTACK_1
490 			JUMPING_ATTACK_2
491 			JUMPING_ATTACK_3
492 			JUMPING_ATTACK_4
493 			JUMPING_ATTACK_5
494 			FLY_ATTACK_1
495 			FLY_ATTACK_2
496 			FLY_ATTACK_3
497 			FLY_ATTACK_4
498 			FLY_ATTACK_5
499 			FLY_ATTACK_6
500 			FLY_ATTACK_7
501 			FLY_ATTACK_8
502 			FLY_ATTACK_9
503 			FLY_ATTACK_10
504 			FLY_DEFEND_1
505 			FLY_DEFEND_2
506 			FLY_DEFEND_3
507 			FLY_DEFEND_4
508 			FLY_DEFEND_5
509 			FLY_DEFEND_6
510 			FLY_DEFEND_7
511 			FLY_DEFEND_8
512 			FLY_DEFEND_9
513 			FLY_DEFEND_10
514 			WALL_ATTACK_1
515 			AUTONOMOUS_RIDER_ATTACK_1
516 			AUTONOMOUS_RIDER_ATTACK_2
517 			AUTONOMOUS_RIDER_ATTACK_3
518 			AUTONOMOUS_RIDER_ATTACK_4
519 			AUTONOMOUS_RIDER_ATTACK_5
520 			AUTONOMOUS_RIDER_ATTACK_6
521 			AUTONOMOUS_RIDER_ATTACK_7
522 			AUTONOMOUS_RIDER_ATTACK_8
523 			AUTONOMOUS_RIDER_ATTACK_9
524 			AUTONOMOUS_RIDER_ATTACK_10
525 			AUTONOMOUS_RIDER_CUSTOM_ANIMATION_1
526 			AUTONOMOUS_RIDER_CUSTOM_ANIMATION_2
527 			AUTONOMOUS_RIDER_CUSTOM_ANIMATION_3
528 			AUTONOMOUS_RIDER_CUSTOM_ANIMATION_4
529 			AUTONOMOUS_RIDER_CUSTOM_ANIMATION_5
530 			GENERIC_MATCHED_HIGH_ATTACKER_1
531 			GENERIC_MATCHED_MIDDLE_ATTACKER_1
532 			GENERIC_MATCHED_HIGH_DEFENDER_1
533 			GENERIC_MATCHED_MIDDLE_DEFENDER_1
534 			COMBAT_1
535 			COMBAT_2
536 			COMBAT_3
537 			COMBAT_4
538 			COMBAT_5
539 			COMBAT_6
540 			COMBAT_7
541 			COMBAT_8
542 			COMBAT_9
543 			COMBAT_10
544 			COMBAT_11
545 			COMBAT_12
546 			COMBAT_13
547 			COMBAT_14
548 			COMBAT_15
549 			COMBAT_16
550 			COMBAT_17
551 			COMBAT_18
552 			COMBAT_19
553 			COMBAT_20
554 			COMBAT_21
555 			COMBAT_22
556 			COMBAT_23
557 			COMBAT_24
558 			COMBAT_25
559 			COMBAT_26
560 			COMBAT_27
561 			COMBAT_28
562 			COMBAT_29
563 			COMBAT_30
564 			COMBAT_31
565 			COMBAT_32
566 			COMBAT_33
567 			COMBAT_34
568 			COMBAT_35
569 			COMBAT_36
570 			COMBAT_37
571 			COMBAT_38
572 			COMBAT_39
573 			COMBAT_40
574 			COMBAT_41
575 			COMBAT_42
576 			COMBAT_43
577 			COMBAT_44
578 			COMBAT_45
579 			COMBAT_46
580 			COMBAT_47
581 			COMBAT_48
582 			COMBAT_49
583 			COMBAT_50
584 			COMBAT_51
585 			COMBAT_52
586 			COMBAT_53
587 			COMBAT_54
588 			COMBAT_55
589 			COMBAT_56
590 			COMBAT_57
591 			COMBAT_58
592 			COMBAT_59
593 			COMBAT_60
594 			COMBAT_61
595 			COMBAT_62
596 			COMBAT_63
597 			COMBAT_64
598 			COMBAT_65
599 			COMBAT_66
600 			COMBAT_67
601 			COMBAT_68
602 			COMBAT_69
603 			COMBAT_70
604 			COMBAT_71
605 			COMBAT_72
606 			COMBAT_73
607 			COMBAT_74
608 			COMBAT_75
609 			COMBAT_76
610 			COMBAT_77
611 			COMBAT_78
612 			COMBAT_79
613 			COMBAT_80
614 			COMBAT_81
615 			COMBAT_82
616 			COMBAT_83
617 			COMBAT_84
618 			COMBAT_85
619 			COMBAT_86
620 			COMBAT_87
621 			COMBAT_88
622 			COMBAT_89
623 			COMBAT_90
624 			COMBAT_91
625 			COMBAT_92
626 			COMBAT_93
627 			COMBAT_94
628 			COMBAT_95
629 			COMBAT_96
630 			COMBAT_97
631 			COMBAT_98
632 			COMBAT_99
633 			COMBAT_100
634 			COMBAT_101
635 			COMBAT_102
636 			COMBAT_103
637 			COMBAT_104
638 			COMBAT_105
639 			COMBAT_106
640 			COMBAT_107
641 			COMBAT_108
642 			COMBAT_109
643 			COMBAT_110
644 			COMBAT_111
645 			COMBAT_112
646 			COMBAT_113
647 			COMBAT_114
648 			COMBAT_115
649 			COMBAT_116
650 			COMBAT_117
651 			COMBAT_118
652 			COMBAT_119
653 			COMBAT_120
654 			COMBAT_121
655 			COMBAT_122
656 			COMBAT_123
657 			COMBAT_124
658 			COMBAT_125
659 			COMBAT_126
660 			COMBAT_127
661 			COMBAT_128
662 			COMBAT_129
663 			COMBAT_130
664 			COMBAT_131
665 			COMBAT_132
666 			COMBAT_133
667 			COMBAT_134
668 			COMBAT_135
669 			COMBAT_136
670 			COMBAT_137
671 			COMBAT_138
672 			COMBAT_139
673 			COMBAT_140
674 			COMBAT_141
675 			COMBAT_142
676 			COMBAT_143
677 			COMBAT_144
678 			COMBAT_145
679 			COMBAT_146
680 			COMBAT_147
681 			COMBAT_148
682 			COMBAT_149
683 			COMBAT_150
684 			COMBAT_151
685 			COMBAT_152
686 			COMBAT_153
687 			COMBAT_154
688 			COMBAT_155
689 			COMBAT_156
690 			COMBAT_157
691 			COMBAT_158
692 			COMBAT_159
693 			COMBAT_160
694 			COMBAT_161
695 			COMBAT_162
696 			COMBAT_163
697 			COMBAT_164
698 			COMBAT_165
699 			COMBAT_166
700 			COMBAT_167
701 			COMBAT_168
702 			COMBAT_169
703 			COMBAT_170
704 			COMBAT_171
705 			COMBAT_172
706 			COMBAT_173
707 			COMBAT_174
708 			COMBAT_175
709 			COMBAT_176
710 			COMBAT_177
711 			COMBAT_178
712 			COMBAT_179
713 			COMBAT_180
714 			COMBAT_181
715 			COMBAT_182
716 			COMBAT_183
717 			COMBAT_184
718 			COMBAT_185
719 			COMBAT_186
720 			COMBAT_187
721 			COMBAT_188
722 			COMBAT_189
723 			COMBAT_190
724 			COMBAT_191
725 			COMBAT_192
726 			COMBAT_193
727 			COMBAT_194
728 			COMBAT_195
729 			COMBAT_196
730 			COMBAT_197
731 			COMBAT_198
732 			COMBAT_199
733 			COMBAT_200
734 			SNEAK
735 			CROUCH
736 			CROUCH_STEP_FORWARD
737 			CROUCH_STEP_BACKWARD
738 			CROUCH_STEP_LEFT
739 			CROUCH_STEP_RIGHT
740 			CROUCH_TURN_LEFT_45
741 			CROUCH_TURN_RIGHT_45
742 			CROUCH_TURN_LEFT_90
743 			CROUCH_TURN_RIGHT_90
744 			CROUCH_TURN_LEFT_180
745 			CROUCH_TURN_RIGHT_180
746 			CROUCH_TURN_LEFT_TO_SNEAK_45
747 			CROUCH_TURN_RIGHT_TO_SNEAK_45
748 			CROUCH_TURN_LEFT_TO_SNEAK_90
749 			CROUCH_TURN_RIGHT_TO_SNEAK_90
750 			CROUCH_TURN_LEFT_TO_SNEAK_180
751 			CROUCH_TURN_RIGHT_TO_SNEAK_180
752 			CROUCH_TO_STAND
753 			STAND_TO_CROUCH
754 			CROUCH_TO_SNEAK
755 			SNEAK_TO_CROUCH
756 			CROUCH_TO_COMBAT_READY
757 			COMBAT_READY_TO_CROUCH
758 			CROUCH_IDLE_1
759 			CROUCH_IDLE_2
760 			CROUCH_IDLE_3
761 			CROUCH_IDLE_4
762 			CROUCH_IDLE_5
763 			KNEEL_READY
764 			KNEEL_READY_TO_STAND
765 			STAND_TO_KNEEL_READY
766 			KNEEL_READY_TO_COMBAT_READY
767 			COMBAT_READY_TO_KNEEL_READY
768 			KNEEL_READY_IDLE_1
769 			KNEEL_READY_IDLE_2
770 			KNEEL_READY_IDLE_3
771 			KNEEL_READY_IDLE_4
772 			KNEEL_READY_IDLE_5
773 			KNEEL_BRACED
774 			KNEEL_BRACED_TO_STAND
775 			STAND_TO_KNEEL_BRACED
776 			KNEEL_BRACED_TO_COMBAT_READY
777 			COMBAT_READY_TO_KNEEL_BRACED
778 			KNEEL_BRACED_IDLE_1
779 			KNEEL_BRACED_IDLE_2
780 			KNEEL_BRACED_IDLE_3
781 			KNEEL_BRACED_IDLE_4
782 			KNEEL_BRACED_IDLE_5
783 			STAND_NO_WEAPON
784 			STAND_NO_WEAPON_TO_STAND
785 			STAND_TO_STAND_NO_WEAPON
786 			STAND_NO_WEAPON_IDLE_1
787 			STAND_NO_WEAPON_IDLE_2
788 			STAND_NO_WEAPON_IDLE_3
789 			STAND_NO_WEAPON_IDLE_4
790 			STAND_NO_WEAPON_IDLE_5
791 			STAND_NO_WEAPON_WALK
792 			STAND_NO_WEAPON_RUN
793 			STAND_NO_WEAPON_STEP_FORWARD
794 			STAND_NO_WEAPON_STEP_BACKWARD
795 			STAND_NO_WEAPON_STEP_LEFT
796 			STAND_NO_WEAPON_STEP_RIGHT
797 			STAND_NO_WEAPON_TURN_LEFT_45
798 			STAND_NO_WEAPON_TURN_RIGHT_45
799 			STAND_NO_WEAPON_TURN_LEFT_90
800 			STAND_NO_WEAPON_TURN_RIGHT_90
801 			STAND_NO_WEAPON_TURN_LEFT_180
802 			STAND_NO_WEAPON_TURN_RIGHT_180
803 			STAND_NO_WEAPON_TURN_LEFT_TO_WALK_45
804 			STAND_NO_WEAPON_TURN_RIGHT_TO_WALK_45
805 			STAND_NO_WEAPON_TURN_LEFT_TO_WALK_90
806 			STAND_NO_WEAPON_TURN_RIGHT_TO_WALK_90
807 			STAND_NO_WEAPON_TURN_LEFT_TO_WALK_180
808 			STAND_NO_WEAPON_TURN_RIGHT_TO_WALK_180
809 			STAND_FATIGUED
810 			STAND_FATIGUED_TO_WALK_FATIGUED
811 			STAND_FATIGUED_TO_COMBAT_READY
812 			COMBAT_READY_TO_STAND_FATIGUED
813 			FATIGUED_IDLE_1
814 			FATIGUED_IDLE_2
815 			FATIGUED_IDLE_3
816 			FATIGUED_IDLE_4
817 			FATIGUED_IDLE_5
818 			WALK_FATIGUED_1
819 			WALK_FATIGUED_2
820 			WALK_FATIGUED_3
821 			WALK_FATIGUED_4
822 			WALK_FATIGUED_5
823 			WALK_FATIGUED_TO_STAND_FATIGUED
824 			WALK_FATIGUED_TO_RUN_FATIGUED
825 			RUN_FATIGUED_1
826 			RUN_FATIGUED_2
827 			RUN_FATIGUED_3
828 			RUN_FATIGUED_4
829 			RUN_FATIGUED_5
830 			RUN_FATIGUED_TO_STAND_FATIGUED
831 			STEP_FORWARD_FATIGUED
832 			STEP_BACKWARD_FATIGUED
833 			STEP_LEFT_FATIGUED
834 			STEP_RIGHT_FATIGUED
835 			TURN_LEFT_FATIGUED_45
836 			TURN_RIGHT_FATIGUED_45
837 			TURN_LEFT_FATIGUED_90
838 			TURN_RIGHT_FATIGUED_90
839 			TURN_LEFT_FATIGUED_180
840 			TURN_RIGHT_FATIGUED_180
841 			TURN_LEFT_TO_WALK_FATIGUED_45
842 			TURN_RIGHT_TO_WALK_FATIGUED_45
843 			TURN_LEFT_TO_WALK_FATIGUED_90
844 			TURN_RIGHT_TO_WALK_FATIGUED_90
845 			TURN_LEFT_TO_WALK_FATIGUED_180
846 			TURN_RIGHT_TO_WALK_FATIGUED_180
847 			STAND_CIVILIAN
848 			STAND_CIVILIAN_TO_WALK_CIVILIAN
849 			STAND_CIVILIAN_TO_COMBAT_READY
850 			COMBAT_READY_TO_STAND_CIVILIAN
851 			CIVILIAN_IDLE_1
852 			CIVILIAN_IDLE_2
853 			CIVILIAN_IDLE_3
854 			CIVILIAN_IDLE_4
855 			CIVILIAN_IDLE_5
856 			WALK_CIVILIAN_1
857 			WALK_CIVILIAN_2
858 			WALK_CIVILIAN_3
859 			WALK_CIVILIAN_4
860 			WALK_CIVILIAN_5
861 			WALK_CIVILIAN_TO_STAND_CIVILIAN
862 			STEP_FORWARD_CIVILIAN
863 			STEP_BACKWARD_CIVILIAN
864 			STEP_LEFT_CIVILIAN
865 			STEP_RIGHT_CIVILIAN
866 			TURN_LEFT_CIVILIAN_45
867 			TURN_RIGHT_CIVILIAN_45
868 			TURN_LEFT_CIVILIAN_90
869 			TURN_RIGHT_CIVILIAN_90
870 			TURN_LEFT_CIVILIAN_180
871 			TURN_RIGHT_CIVILIAN_180
872 			TURN_LEFT_TO_WALK_CIVILIAN_45
873 			TURN_RIGHT_TO_WALK_CIVILIAN_45
874 			TURN_LEFT_TO_WALK_CIVILIAN_90
875 			TURN_RIGHT_TO_WALK_CIVILIAN_90
876 			TURN_LEFT_TO_WALK_CIVILIAN_180
877 			TURN_RIGHT_TO_WALK_CIVILIAN_180
878 			STAND_INJURED
879 			STAND_INJURED_TO_WALK_INJURED
880 			STAND_INJURED_TO_COMBAT_READY
881 			COMBAT_READY_TO_STAND_INJURED
882 			INJURED_IDLE_1
883 			INJURED_IDLE_2
884 			INJURED_IDLE_3
885 			INJURED_IDLE_4
886 			INJURED_IDLE_5
887 			WALK_INJURED_1
888 			WALK_INJURED_2
889 			WALK_INJURED_3
890 			WALK_INJURED_4
891 			WALK_INJURED_5
892 			WALK_INJURED_TO_STAND_INJURED
893 			WALK_INJURED_TO_RUN_INJURED
894 			RUN_INJURED_1
895 			RUN_INJURED_2
896 			RUN_INJURED_3
897 			RUN_INJURED_4
898 			RUN_INJURED_5
899 			RUN_INJURED_TO_STAND_INJURED
900 			STEP_FORWARD_INJURED
901 			STEP_BACKWARD_INJURED
902 			STEP_LEFT_INJURED
903 			STEP_RIGHT_INJURED
904 			TURN_LEFT_INJURED_45
905 			TURN_RIGHT_INJURED_45
906 			TURN_LEFT_INJURED_90
907 			TURN_RIGHT_INJURED_90
908 			TURN_LEFT_INJURED_180
909 			TURN_RIGHT_INJURED_180
910 			TURN_LEFT_TO_WALK_INJURED_45
911 			TURN_RIGHT_TO_WALK_INJURED_45
912 			TURN_LEFT_TO_WALK_INJURED_90
913 			TURN_RIGHT_TO_WALK_INJURED_90
914 			TURN_LEFT_TO_WALK_INJURED_180
915 			TURN_RIGHT_TO_WALK_INJURED_180
916 			COMBAT_READY
917 			COMBAT_READY_TO_STAND
918 			COMBAT_READY_TO_STAND_SHIELD_UP
919 			COMBAT_READY_TO_STAND_SHIELD_FRONT
920 			COMBAT_READY_TO_STAND_SHIELD_TOP
921 			COMBAT_READY_TO_COMBAT_READY_MOVE
922 			COMBAT_READY_MOVE_TO_COMBAT_READY
923 			COMBAT_READY_MOVE_1
924 			COMBAT_READY_MOVE_2
925 			COMBAT_READY_MOVE_3
926 			COMBAT_READY_MOVE_4
927 			COMBAT_READY_MOVE_5
928 			COMBAT_READY_STEP_FORWARD
929 			COMBAT_READY_STEP_BACK
930 			COMBAT_READY_STEP_LEFT
931 			COMBAT_READY_STEP_RIGHT
932 			COMBAT_READY_TURN_LEFT_45
933 			COMBAT_READY_TURN_RIGHT_45
934 			COMBAT_READY_TURN_LEFT_90
935 			COMBAT_READY_TURN_RIGHT_90
936 			COMBAT_READY_TURN_LEFT_180
937 			COMBAT_READY_TURN_RIGHT_180
938 			COMBAT_READY_TURN_LEFT_TO_WALK_45
939 			COMBAT_READY_TURN_RIGHT_TO_WALK_45
940 			COMBAT_READY_TURN_LEFT_TO_WALK_90
941 			COMBAT_READY_TURN_RIGHT_TO_WALK_90
942 			COMBAT_READY_TURN_LEFT_TO_WALK_180
943 			COMBAT_READY_TURN_RIGHT_TO_WALK_180
944 			SMASH_WINDOW
945 			SITTING_ON_STOOL
946 			SITTING_ON_STOOL_TO_STAND
947 			STAND_TO_SITTING_ON_STOOL
948 			TORCH
949 			GRENADIER
950 			BLINDING_GRENADIER
951 			THROW_FIREBOMB
952 			THROW_TORCH
953 			FIX_BAYONET
954 			DEPLOY_WOODEN_STAKES
955 			PLAY_INSTRUMENT
956 			PLAY_INSTRUMENT_TO_STAND
957 			STAND_TO_PLAY_INSTRUMENT
958 			CHARIOT_DRIVER_STAND
959 			CHARIOT_DRIVER_MOVE
960 			REPAIR_1
961 			STAND_TO_REPAIR_1
962 			REPAIR_TO_STAND_1
963 			REPAIR_2
964 			STAND_TO_REPAIR_2
965 			REPAIR_TO_STAND_2
966 			REPAIR_3
967 			STAND_TO_REPAIR_3
968 			REPAIR_TO_STAND_3
969 			REPAIR_4
970 			STAND_TO_REPAIR_4
971 			REPAIR_TO_STAND_4
972 			REPAIR_5
973 			STAND_TO_REPAIR_5
974 			REPAIR_TO_STAND_5
975 			JUMP1
976 			JUMP2
977 			JUMP3
978 			JUMP_ACROSS
979 			DISEMBARK_JUMP_TAKEOFF1
980 			DISEMBARK_JUMP_TAKEOFF2
981 			DISEMBARK_JUMP_TAKEOFF3
982 			DISEMBARK_JUMP_FALLING1
983 			DISEMBARK_JUMP_FALLING2
984 			DISEMBARK_JUMP_FALLING3
985 			DISEMBARK_JUMP_LANDING1
986 			DISEMBARK_JUMP_LANDING2
987 			DISEMBARK_JUMP_LANDING3
988 			RAMP_JUMP_TAKEOFF1
989 			RAMP_JUMP_TAKEOFF2
990 			RAMP_JUMP_TAKEOFF3
991 			RAMP_JUMP_FALLING1
992 			RAMP_JUMP_FALLING2
993 			RAMP_JUMP_FALLING3
994 			RAMP_JUMP_LANDING1
995 			RAMP_JUMP_LANDING2
996 			RAMP_JUMP_LANDING3
997 			SEA_FLOATING_FLAIL_1
998 			SEA_FLOATING_FLAIL_2
999 			SEA_FLOATING_FLAIL_3
1000			SEA_FLOATING_FLAIL_4
1001			SEA_FLOATING_DEAD_1
1002			SEA_FLOATING_DEAD_2
1003			GRAPPLE_STAND_TO_SWING
1004			GRAPPLE_SWING
1005			GRAPPLE_SWING_TO_THROW
1006			GRAPPLE_PULL
1007			GRAPPLE_PULL_TO_STAND
1008			BOARDING_PLANK_PICKUP
1009			BOARDING_PLANK_LIFT
1010			BOARDING_PLANK_DROP
1011			CLIMB_UP_LADDER
1012			CLIMB_DOWN_LADDER
1013			CLIMB_OFF_LADDER_LEFT
1014			CLIMB_OFF_LADDER_RIGHT
1015			CLIMB_OFF_LADDER_SIEGE
1016			CLIMB_OFF_LADDER_WALL
1017			CLIMB_UP_STAIRS
1018			CLIMB_DOWN_STAIRS
1019			CLIMB_UP_ROPE
1020			CLIMB_DOWN_ROPE
1021			CLIMB_ON_ROPE_BOTTOM
1022			CLIMB_OFF_ROPE_TOP
1023			CLIMB_ON_ROPE_TOP
1024			CLIMB_OFF_ROPE_BOTTOM
1025			CLIMB_UP_RIGGING
1026			CLIMB_DOWN_RIGGING
1027			CLIMB_ON_RIGGING_BOTTOM
1028			CLIMB_OFF_RIGGING_TOP
1029			CLIMB_ON_RIGGING_TOP
1030			CLIMB_OFF_RIGGING_BOTTOM
1031			CLIMB_UP_GRAPPLE
1032			CLIMB_DOWN_GRAPPLE
1033			CLIMB_UP_WALL
1034			CLIMB_DOWN_WALL
1035			CLIMB_OFF_WALL_TOP
1036			CLIMB_OFF_DESTROYED_WALL_TOP
1037			CLIMB_OFF_WOOD_WALL_TOP
1038			CLIMB_OFF_DESTROYED_WOOD_WALL_TOP
1039			CLIMB_UP_SHIP_HULL
1040			CLIMB_DOWN_SHIP_HULL
1041			CLIMB_OFF_SHIP_HULL_TOP_1
1042			CLIMB_OFF_SHIP_HULL_TOP_2
1043			VO_STAND_LOOK_DOWN_LEFT
1044			VO_STAND_LOOK_DOWN_RIGHT
1045			VO_STAND_LOOK_LEFT_SHORT
1046			VO_STAND_LOOK_LEFT_MEDIUM
1047			VO_STAND_LOOK_RIGHT_SHORT
1048			VO_STAND_LOOK_RIGHT_MEDIUM
1049			VO_STAND_LOOK_BACK_SHORT
1050			VO_STAND_LOOK_BACK_MEDIUM
1051			VO_STAND_POINT_FORWARD
1052			VO_STAND_POINT_UPWARD
1053			VO_STAND_POINT_LEFT_45
1054			VO_STAND_POINT_LEFT_90
1055			VO_STAND_POINT_RIGHT_45
1056			VO_STAND_POINT_RIGHT_90
1057			VO_STAND_ORDER_POINT_FORWARD
1058			VO_STAND_ORDER_POINT_UPWARD
1059			VO_STAND_ORDER_POINT_LEFT_45
1060			VO_STAND_ORDER_POINT_LEFT_90
1061			VO_STAND_ORDER_POINT_RIGHT_45
1062			VO_STAND_ORDER_POINT_RIGHT_90
1063			VO_STAND_ORDER_ATTACK
1064			VO_STAND_ORDER_RETREAT
1065			VO_STAND_ORDER_TIGHT_FORMATION
1066			VO_STAND_ORDER_LOOSE_FORMATION
1067			VO_COMBAT_READY_LOOK_DOWN_LEFT
1068			VO_COMBAT_READY_LOOK_DOWN_RIGHT
1069			VO_COMBAT_READY_LOOK_LEFT_SHORT
1070			VO_COMBAT_READY_LOOK_LEFT_MEDIUM
1071			VO_COMBAT_READY_LOOK_RIGHT_SHORT
1072			VO_COMBAT_READY_LOOK_RIGHT_MEDIUM
1073			VO_COMBAT_READY_LOOK_BACK_SHORT
1074			VO_COMBAT_READY_LOOK_BACK_MEDIUM
1075			VO_COMBAT_READY_POINT_FORWARD
1076			VO_COMBAT_READY_POINT_UPWARD
1077			VO_COMBAT_READY_POINT_LEFT_45
1078			VO_COMBAT_READY_POINT_LEFT_90
1079			VO_COMBAT_READY_POINT_RIGHT_45
1080			VO_COMBAT_READY_POINT_RIGHT_90
1081			VO_COMBAT_READY_ORDER_POINT_FORWARD
1082			VO_COMBAT_READY_ORDER_POINT_UPWARD
1083			VO_COMBAT_READY_ORDER_POINT_LEFT_45
1084			VO_COMBAT_READY_ORDER_POINT_LEFT_90
1085			VO_COMBAT_READY_ORDER_POINT_RIGHT_45
1086			VO_COMBAT_READY_ORDER_POINT_RIGHT_90
1087			VO_COMBAT_READY_ORDER_ATTACK
1088			VO_COMBAT_READY_ORDER_RETREAT
1089			VO_COMBAT_READY_ORDER_TIGHT_FORMATION
1090			VO_COMBAT_READY_ORDER_LOOSE_FORMATION
1091			GENERAL_SPEECH_1
1092			GENERAL_SPEECH_2
1093			GENERAL_SPEECH_3
1094			CELEBRATE_1
1095			CELEBRATE_2
1096			CELEBRATE_3
1097			CELEBRATE_4
1098			CELEBRATE_5
1099			CELEBRATE_6
1100			CELEBRATE_7
1101			CELEBRATE_8
1102			CELEBRATE_9
1103			CELEBRATE_10
1104			TAUNT_1
1105			TAUNT_2
1106			TAUNT_3
1107			TAUNT_4
1108			TAUNT_5
1109			TAUNT_6
1110			TAUNT_7
1111			TAUNT_8
1112			TAUNT_9
1113			TAUNT_10
1114			BASH_SHIELD_1
1115			BASH_SHIELD_2
1116			BASH_SHIELD_3
1117			BASH_SHIELD_4
1118			BASH_SHIELD_5
1119			BASH_SHIELD_6
1120			BASH_SHIELD_7
1121			BASH_SHIELD_8
1122			BASH_SHIELD_9
1123			BASH_SHIELD_10
1124			RAISE_WEAPON_1
1125			RAISE_WEAPON_2
1126			RAISE_WEAPON_3
1127			RAISE_WEAPON_4
1128			RAISE_WEAPON_5
1129			RAISE_WEAPON_6
1130			RAISE_WEAPON_7
1131			RAISE_WEAPON_8
1132			RAISE_WEAPON_9
1133			RAISE_WEAPON_10
1134			TO_LOOPED_ABILITY_1
1135			LOOPED_ABILITY_1
1136			FROM_LOOPED_ABILITY_1
1137			TO_TELEPORT_OUT_1
1138			TELEPORT_OUT_1
1139			FROM_TELEPORT_OUT_1
1140			MUSIC_LOOPED_ABILITY_1
1141			MUSIC_LOOPED_ABILITY_2
1142			MUSIC_LOOPED_ABILITY_3
1143			MUSIC_LOOPED_ABILITY_1_TO_2
1144			MUSIC_LOOPED_ABILITY_1_TO_3
1145			MUSIC_LOOPED_ABILITY_2_TO_1
1146			MUSIC_LOOPED_ABILITY_2_TO_3
1147			MUSIC_LOOPED_ABILITY_3_TO_1
1148			MUSIC_LOOPED_ABILITY_3_TO_2
1149			MUSICIAN_IDLE_1
1150			MUSICIAN_IDLE_2
1151			MUSICIAN_BEAT_1_TO_IDLE_2
1152			MUSICIAN_BEAT_2_TO_IDLE_1
1153			CAST_SPELL_FORWARD_SHORT
1154			CAST_SPELL_FORWARD_MEDIUM
1155			CAST_SPELL_FORWARD_LONG
1156			CAST_SPELL_UP_SHORT
1157			CAST_SPELL_UP_MEDIUM
1158			CAST_SPELL_UP_LONG
1159			MOVING_CAST_SPELL_UP_SHORT
1160			MOVING_CAST_SPELL_UP_MEDIUM
1161			MOVING_CAST_SPELL_UP_LONG
1162			CAST_SPELL_FORWARD_SHORT_FLYING
1163			CAST_SPELL_FORWARD_MEDIUM_FLYING
1164			CAST_SPELL_FORWARD_LONG_FLYING
1165			CAST_SPELL_UP_SHORT_FLYING
1166			CAST_SPELL_UP_MEDIUM_FLYING
1167			CAST_SPELL_UP_LONG_FLYING
1168			MOVING_CAST_SPELL_UP_SHORT_FLYING
1169			MOVING_CAST_SPELL_UP_MEDIUM_FLYING
1170			MOVING_CAST_SPELL_UP_LONG_FLYING
1171			RIDER_CAST_SPELL_FORWARD_SHORT
1172			RIDER_CAST_SPELL_FORWARD_MEDIUM
1173			RIDER_CAST_SPELL_FORWARD_LONG
1174			RIDER_CAST_SPELL_UP_SHORT
1175			RIDER_CAST_SPELL_UP_MEDIUM
1176			RIDER_CAST_SPELL_UP_LONG
1177			CAST_SPELL_WARMACHINE_FIRE
1178			CAST_SPELL_WARMACHINE_RELOAD
1179			REBIRTH
1180			REBIRTH_FLYING
1181			RIDER_REBIRTH
1182			RIDER_REBIRTH_FLYING
1183			TELEPORT_ARRIVAL
1184			TELEPORT_DEPARTURE
1185			WAVERING_STAND_LOOK_FORWARD_1
1186			WAVERING_STAND_LOOK_FORWARD_2
1187			WAVERING_STAND_LOOK_BACK_1
1188			WAVERING_STAND_LOOK_BACK_2
1189			WAVERING_STAND_LOOK_LEFT_1
1190			WAVERING_STAND_LOOK_LEFT_2
1191			WAVERING_STAND_LOOK_RIGHT_1
1192			WAVERING_STAND_LOOK_RIGHT_2
1193			WAVERING_COMBAT_READY_LOOK_FORWARD_1
1194			WAVERING_COMBAT_READY_LOOK_FORWARD_2
1195			WAVERING_COMBAT_READY_LOOK_BACK_1
1196			WAVERING_COMBAT_READY_LOOK_BACK_2
1197			WAVERING_COMBAT_READY_LOOK_LEFT_1
1198			WAVERING_COMBAT_READY_LOOK_LEFT_2
1199			WAVERING_COMBAT_READY_LOOK_RIGHT_1
1200			WAVERING_COMBAT_READY_LOOK_RIGHT_2
1201			WAVERING_SHOOT_STAND_LOOK_FORWARD_1
1202			WAVERING_SHOOT_STAND_LOOK_FORWARD_2
1203			WAVERING_SHOOT_STAND_LOOK_BACK_1
1204			WAVERING_SHOOT_STAND_LOOK_BACK_2
1205			WAVERING_SHOOT_STAND_LOOK_LEFT_1
1206			WAVERING_SHOOT_STAND_LOOK_LEFT_2
1207			WAVERING_SHOOT_STAND_LOOK_RIGHT_1
1208			WAVERING_SHOOT_STAND_LOOK_RIGHT_2
1209			WAVERING_SHOOT_READY_LOOK_FORWARD_1
1210			WAVERING_SHOOT_READY_LOOK_FORWARD_2
1211			WAVERING_SHOOT_READY_LOOK_BACK_1
1212			WAVERING_SHOOT_READY_LOOK_BACK_2
1213			WAVERING_SHOOT_READY_LOOK_LEFT_1
1214			WAVERING_SHOOT_READY_LOOK_LEFT_2
1215			WAVERING_SHOOT_READY_LOOK_RIGHT_1
1216			WAVERING_SHOOT_READY_LOOK_RIGHT_2
1217			HIT_REACTION_COMBAT_READY_1
1218			HIT_REACTION_COMBAT_READY_2
1219			HIT_REACTION_COMBAT_READY_3
1220			HIT_REACTION_COMBAT_READY_4
1221			HIT_REACTION_COMBAT_READY_5
1222			HIT_REACTION_COMBAT_READY_6
1223			HIT_REACTION_COMBAT_READY_7
1224			HIT_REACTION_COMBAT_READY_8
1225			HIT_REACTION_COMBAT_READY_9
1226			HIT_REACTION_COMBAT_READY_10
1227			HIT_REACTION_SHOOT_STAND_1
1228			HIT_REACTION_SHOOT_STAND_2
1229			HIT_REACTION_SHOOT_STAND_3
1230			HIT_REACTION_SHOOT_STAND_4
1231			HIT_REACTION_SHOOT_STAND_5
1232			HIT_REACTION_SHOOT_STAND_6
1233			HIT_REACTION_SHOOT_STAND_7
1234			HIT_REACTION_SHOOT_STAND_8
1235			HIT_REACTION_SHOOT_STAND_9
1236			HIT_REACTION_SHOOT_STAND_10
1237			HIT_REACTION_SHOOT_READY_1
1238			HIT_REACTION_SHOOT_READY_2
1239			HIT_REACTION_SHOOT_READY_3
1240			HIT_REACTION_SHOOT_READY_4
1241			HIT_REACTION_SHOOT_READY_5
1242			HIT_REACTION_SHOOT_READY_6
1243			HIT_REACTION_SHOOT_READY_7
1244			HIT_REACTION_SHOOT_READY_8
1245			HIT_REACTION_SHOOT_READY_9
1246			HIT_REACTION_SHOOT_READY_10
1247			FLINCH_STAND_LEFT
1248			FLINCH_STAND_RIGHT
1249			FLINCH_STAND_BACK
1250			FLINCH_STAND_FORWARD
1251			FLINCH_CR_LEFT
1252			FLINCH_CR_RIGHT
1253			FLINCH_CR_BACK
1254			FLINCH_CR_FORWARD
1255			STUMBLE_STAND
1256			STUMBLE_CR
1257			STAND_SHIELD_UP
1258			STAND_SHIELD_UP_TO_STAND
1259			STAND_SHIELD_UP_TO_COMBAT_READY
1260			STAND_SHIELD_UP_TO_WALK_SHIELD_UP
1261			WALK_SHIELD_UP_TO_STAND_SHIELD_UP
1262			RUN_SHIELD_UP_TO_STAND_SHIELD_UP
1263			STAND_SHIELD_UP_IDLE_1
1264			STAND_SHIELD_UP_IDLE_2
1265			STAND_SHIELD_UP_IDLE_3
1266			STAND_SHIELD_UP_IDLE_4
1267			STAND_SHIELD_UP_IDLE_5
1268			WALK_SHIELD_UP_1
1269			WALK_SHIELD_UP_2
1270			WALK_SHIELD_UP_3
1271			WALK_SHIELD_UP_4
1272			WALK_SHIELD_UP_5
1273			RUN_SHIELD_UP_1
1274			RUN_SHIELD_UP_2
1275			RUN_SHIELD_UP_3
1276			RUN_SHIELD_UP_4
1277			RUN_SHIELD_UP_5
1278			STEP_FORWARD_SHIELD_UP
1279			STEP_BACKWARD_SHIELD_UP
1280			STEP_LEFT_SHIELD_UP
1281			STEP_RIGHT_SHIELD_UP
1282			TURN_LEFT_SHIELD_UP_45
1283			TURN_RIGHT_SHIELD_UP_45
1284			TURN_LEFT_SHIELD_UP_90
1285			TURN_RIGHT_SHIELD_UP_90
1286			TURN_LEFT_SHIELD_UP_180
1287			TURN_RIGHT_SHIELD_UP_180
1288			TURN_LEFT_TO_WALK_SHIELD_UP_45
1289			TURN_RIGHT_TO_WALK_SHIELD_UP_45
1290			TURN_LEFT_TO_WALK_SHIELD_UP_90
1291			TURN_RIGHT_TO_WALK_SHIELD_UP_90
1292			TURN_LEFT_TO_WALK_SHIELD_UP_180
1293			TURN_RIGHT_TO_WALK_SHIELD_UP_180
1294			STAND_SHIELD_FRONT
1295			STAND_SHIELD_FRONT_TO_STAND
1296			STAND_SHIELD_FRONT_TO_COMBAT_READY
1297			STAND_SHIELD_FRONT_TO_WALK_SHIELD_FRONT
1298			WALK_SHIELD_FRONT_TO_STAND_SHIELD_FRONT
1299			RUN_SHIELD_FRONT_TO_STAND_SHIELD_FRONT
1300			STAND_SHIELD_FRONT_IDLE_1
1301			STAND_SHIELD_FRONT_IDLE_2
1302			STAND_SHIELD_FRONT_IDLE_3
1303			STAND_SHIELD_FRONT_IDLE_4
1304			STAND_SHIELD_FRONT_IDLE_5
1305			WALK_SHIELD_FRONT_1
1306			WALK_SHIELD_FRONT_2
1307			WALK_SHIELD_FRONT_3
1308			WALK_SHIELD_FRONT_4
1309			WALK_SHIELD_FRONT_5
1310			RUN_SHIELD_FRONT_1
1311			RUN_SHIELD_FRONT_2
1312			RUN_SHIELD_FRONT_3
1313			RUN_SHIELD_FRONT_4
1314			RUN_SHIELD_FRONT_5
1315			STEP_FORWARD_SHIELD_FRONT
1316			STEP_BACKWARD_SHIELD_FRONT
1317			STEP_LEFT_SHIELD_FRONT
1318			STEP_RIGHT_SHIELD_FRONT
1319			TURN_LEFT_SHIELD_FRONT_45
1320			TURN_RIGHT_SHIELD_FRONT_45
1321			TURN_LEFT_SHIELD_FRONT_90
1322			TURN_RIGHT_SHIELD_FRONT_90
1323			TURN_LEFT_SHIELD_FRONT_180
1324			TURN_RIGHT_SHIELD_FRONT_180
1325			TURN_LEFT_TO_WALK_SHIELD_FRONT_45
1326			TURN_RIGHT_TO_WALK_SHIELD_FRONT_45
1327			TURN_LEFT_TO_WALK_SHIELD_FRONT_90
1328			TURN_RIGHT_TO_WALK_SHIELD_FRONT_90
1329			TURN_LEFT_TO_WALK_SHIELD_FRONT_180
1330			TURN_RIGHT_TO_WALK_SHIELD_FRONT_180
1331			STAND_SHIELD_TOP
1332			STAND_SHIELD_TOP_TO_STAND
1333			STAND_SHIELD_TOP_TO_COMBAT_READY
1334			STAND_SHIELD_TOP_TO_WALK_SHIELD_TOP
1335			WALK_SHIELD_TOP_TO_STAND_SHIELD_TOP
1336			RUN_SHIELD_TOP_TO_STAND_SHIELD_TOP
1337			STAND_SHIELD_TOP_IDLE_1
1338			STAND_SHIELD_TOP_IDLE_2
1339			STAND_SHIELD_TOP_IDLE_3
1340			STAND_SHIELD_TOP_IDLE_4
1341			STAND_SHIELD_TOP_IDLE_5
1342			WALK_SHIELD_TOP_1
1343			WALK_SHIELD_TOP_2
1344			WALK_SHIELD_TOP_3
1345			WALK_SHIELD_TOP_4
1346			WALK_SHIELD_TOP_5
1347			RUN_SHIELD_TOP_1
1348			RUN_SHIELD_TOP_2
1349			RUN_SHIELD_TOP_3
1350			RUN_SHIELD_TOP_4
1351			RUN_SHIELD_TOP_5
1352			STEP_FORWARD_SHIELD_TOP
1353			STEP_BACKWARD_SHIELD_TOP
1354			STEP_LEFT_SHIELD_TOP
1355			STEP_RIGHT_SHIELD_TOP
1356			TURN_LEFT_SHIELD_TOP_45
1357			TURN_RIGHT_SHIELD_TOP_45
1358			TURN_LEFT_SHIELD_TOP_90
1359			TURN_RIGHT_SHIELD_TOP_90
1360			TURN_LEFT_SHIELD_TOP_180
1361			TURN_RIGHT_SHIELD_TOP_180
1362			TURN_LEFT_TO_WALK_SHIELD_TOP_45
1363			TURN_RIGHT_TO_WALK_SHIELD_TOP_45
1364			TURN_LEFT_TO_WALK_SHIELD_TOP_90
1365			TURN_RIGHT_TO_WALK_SHIELD_TOP_90
1366			TURN_LEFT_TO_WALK_SHIELD_TOP_180
1367			TURN_RIGHT_TO_WALK_SHIELD_TOP_180
1368			PIKE_HIGH_READY
1369			PIKE_HIGH_WALK_1
1370			PIKE_HIGH_WALK_2
1371			PIKE_HIGH_WALK_3
1372			PIKE_HIGH_RUN
1373			PIKE_HIGH_FORWARDS
1374			PIKE_HIGH_BACKWARDS
1375			PIKE_HIGH_LEFT
1376			PIKE_HIGH_RIGHT
1377			PIKE_HIGH_LEFT_45
1378			PIKE_HIGH_RIGHT_45
1379			PIKE_HIGH_TO_STAND
1380			STAND_TO_PIKE_HIGH
1381			PIKE_HIGH_TO_SHOOT_STAND
1382			SHOOT_STAND_TO_PIKE_HIGH
1383			PIKE_HIGH_TO_COMBAT_READY
1384			COMBAT_READY_TO_PIKE_HIGH
1385			PIKE_HIGH_ATTACK_1
1386			PIKE_HIGH_ATTACK_2
1387			PIKE_HIGH_ATTACK_3
1388			PIKE_HIGH_ATTACK_4
1389			PIKE_HIGH_ATTACK_5
1390			PIKE_DEEP_READY
1391			PIKE_DEEP_WALK_1
1392			PIKE_DEEP_WALK_2
1393			PIKE_DEEP_WALK_3
1394			PIKE_DEEP_RUN
1395			PIKE_DEEP_FORWARDS
1396			PIKE_DEEP_BACKWARDS
1397			PIKE_DEEP_LEFT
1398			PIKE_DEEP_RIGHT
1399			PIKE_DEEP_LEFT_45
1400			PIKE_DEEP_RIGHT_45
1401			PIKE_DEEP_TO_STAND
1402			STAND_TO_PIKE_DEEP
1403			PIKE_DEEP_TO_SHOOT_STAND
1404			SHOOT_STAND_TO_PIKE_DEEP
1405			PIKE_DEEP_TO_COMBAT_READY
1406			COMBAT_READY_TO_PIKE_DEEP
1407			PIKE_DEEP_ATTACK_1
1408			PIKE_DEEP_ATTACK_2
1409			PIKE_DEEP_ATTACK_3
1410			PIKE_DEEP_ATTACK_4
1411			PIKE_DEEP_ATTACK_5
1412			PIKE_FRONT_READY
1413			PIKE_FRONT_WALK_1
1414			PIKE_FRONT_WALK_2
1415			PIKE_FRONT_WALK_3
1416			PIKE_FRONT_RUN
1417			PIKE_FRONT_FORWARDS
1418			PIKE_FRONT_BACKWARDS
1419			PIKE_FRONT_LEFT
1420			PIKE_FRONT_RIGHT
1421			PIKE_FRONT_LEFT_45
1422			PIKE_FRONT_RIGHT_45
1423			PIKE_FRONT_TO_STAND
1424			STAND_TO_PIKE_FRONT
1425			PIKE_FRONT_TO_SHOOT_STAND
1426			SHOOT_STAND_TO_PIKE_FRONT
1427			PIKE_FRONT_TO_COMBAT_READY
1428			COMBAT_READY_TO_PIKE_FRONT
1429			PIKE_FRONT_ATTACK_1
1430			PIKE_FRONT_ATTACK_2
1431			PIKE_FRONT_ATTACK_3
1432			PIKE_FRONT_ATTACK_4
1433			PIKE_FRONT_ATTACK_5
1434			SHOOT_STAND
1435			SHOOT_STAND_TO_SHOOT_WALK
1436			SHOOT_WALK_TO_SHOOT_STAND
1437			SHOOT_RUN_TO_SHOOT_STAND
1438			SHOOT_STAND_IDLE_1
1439			SHOOT_STAND_IDLE_2
1440			SHOOT_STAND_IDLE_3
1441			SHOOT_STAND_IDLE_4
1442			SHOOT_STAND_IDLE_5
1443			SHOOT_STAND_IDLE_6
1444			SHOOT_STAND_IDLE_7
1445			SHOOT_STAND_IDLE_8
1446			SHOOT_STAND_IDLE_9
1447			SHOOT_STAND_IDLE_10
1448			SHOOT_READY
1449			SHOOT_READY_KNEEL
1450			SHOOT_READY_IDLE_1
1451			SHOOT_READY_IDLE_2
1452			SHOOT_READY_IDLE_3
1453			SHOOT_READY_IDLE_4
1454			SHOOT_READY_IDLE_5
1455			SHOOT_READY_IDLE_6
1456			SHOOT_READY_IDLE_7
1457			SHOOT_READY_IDLE_8
1458			SHOOT_READY_IDLE_9
1459			SHOOT_READY_IDLE_10
1460			STAND_TO_SHOOT_STAND
1461			SHOOT_STAND_TO_STAND
1462			SHOOT_STAND_TO_COMBAT_READY
1463			COMBAT_READY_TO_SHOOT_STAND
1464			SHOOT_READY_TO_SHOOT_STAND
1465			SHOOT_STAND_TO_SHOOT_READY
1466			SHOOT_READY_TO_COMBAT_READY
1467			COMBAT_READY_TO_SHOOT_READY
1468			SHOOT_READY_TO_SHOOT_READY_KNEEL
1469			SHOOT_READY_KNEEL_TO_SHOOT_READY
1470			SHOOT_WALK_1
1471			SHOOT_WALK_2
1472			SHOOT_WALK_3
1473			SHOOT_WALK_4
1474			SHOOT_WALK_5
1475			SHOOT_WALK_IDLE_1
1476			SHOOT_WALK_IDLE_2
1477			SHOOT_WALK_IDLE_3
1478			SHOOT_WALK_IDLE_4
1479			SHOOT_WALK_IDLE_5
1480			SHOOT_RUN_1
1481			SHOOT_RUN_2
1482			SHOOT_RUN_3
1483			SHOOT_RUN_4
1484			SHOOT_RUN_5
1485			SHOOT_RUN_IDLE_1
1486			SHOOT_RUN_IDLE_2
1487			SHOOT_RUN_IDLE_3
1488			SHOOT_RUN_IDLE_4
1489			SHOOT_RUN_IDLE_5
1490			SHOOT_STEP_FORWARD
1491			SHOOT_STEP_BACK
1492			SHOOT_STEP_LEFT
1493			SHOOT_STEP_RIGHT
1494			SHOOT_TURN_LEFT_45
1495			SHOOT_TURN_RIGHT_45
1496			SHOOT_TURN_LEFT_90
1497			SHOOT_TURN_RIGHT_90
1498			SHOOT_TURN_LEFT_180
1499			SHOOT_TURN_RIGHT_180
1500			SHOOT_TURN_LEFT_TO_WALK_45
1501			SHOOT_TURN_RIGHT_TO_WALK_45
1502			SHOOT_TURN_LEFT_TO_WALK_90
1503			SHOOT_TURN_RIGHT_TO_WALK_90
1504			SHOOT_TURN_LEFT_TO_WALK_180
1505			SHOOT_TURN_RIGHT_TO_WALK_180
1506			SHOOT_READY_STEP_FORWARD
1507			SHOOT_READY_STEP_BACK
1508			SHOOT_READY_STEP_LEFT
1509			SHOOT_READY_STEP_RIGHT
1510			SHOOT_READY_TURN_LEFT_45
1511			SHOOT_READY_TURN_RIGHT_45
1512			SHOOT_READY_TURN_LEFT_90
1513			SHOOT_READY_TURN_RIGHT_90
1514			SHOOT_READY_TURN_LEFT_180
1515			SHOOT_READY_TURN_RIGHT_180
1516			SHOOT_SNEAK
1517			SHOOT_CROUCH
1518			SHOOT_CROUCH_STEP_FORWARD
1519			SHOOT_CROUCH_STEP_BACKWARD
1520			SHOOT_CROUCH_STEP_LEFT
1521			SHOOT_CROUCH_STEP_RIGHT
1522			SHOOT_CROUCH_TURN_LEFT_45
1523			SHOOT_CROUCH_TURN_RIGHT_45
1524			SHOOT_CROUCH_TURN_LEFT_90
1525			SHOOT_CROUCH_TURN_RIGHT_90
1526			SHOOT_CROUCH_TURN_LEFT_180
1527			SHOOT_CROUCH_TURN_RIGHT_180
1528			SHOOT_CROUCH_TURN_LEFT_TO_SHOOT_SNEAK_45
1529			SHOOT_CROUCH_TURN_RIGHT_TO_SHOOT_SNEAK_45
1530			SHOOT_CROUCH_TURN_LEFT_TO_SHOOT_SNEAK_90
1531			SHOOT_CROUCH_TURN_RIGHT_TO_SHOOT_SNEAK_90
1532			SHOOT_CROUCH_TURN_LEFT_TO_SHOOT_SNEAK_180
1533			SHOOT_CROUCH_TURN_RIGHT_TO_SHOOT_SNEAK_180
1534			SHOOT_CROUCH_TO_SHOOT_STAND
1535			SHOOT_STAND_TO_SHOOT_CROUCH
1536			SHOOT_CROUCH_TO_SHOOT_SNEAK
1537			SHOOT_SNEAK_TO_SHOOT_CROUCH
1538			SHOOT_CROUCH_TO_SHOOT_READY
1539			SHOOT_READY_TO_SHOOT_CROUCH
1540			SHOOT_CROUCH_TO_COMBAT_READY
1541			COMBAT_READY_TO_SHOOT_CROUCH
1542			SHOOT_CROUCH_IDLE_1
1543			SHOOT_CROUCH_IDLE_2
1544			SHOOT_CROUCH_IDLE_3
1545			SHOOT_CROUCH_IDLE_4
1546			SHOOT_CROUCH_IDLE_5
1547			AIM_LOW
1548			AIM_LEVEL
1549			AIM_HIGH
1550			AIM_LOW_TO_SHOOT_READY
1551			AIM_LEVEL_TO_SHOOT_READY
1552			AIM_HIGH_TO_SHOOT_READY
1553			SHOOT_READY_TO_AIM_LOW
1554			SHOOT_READY_TO_AIM_LEVEL
1555			SHOOT_READY_TO_AIM_HIGH
1556			FIRE_LOW
1557			FIRE_LEVEL
1558			FIRE_HIGH
1559			FIRE_KILLSHOT
1560			AIM_KILLSHOT
1561			AIM_KILLSHOT_TO_SHOOT_READY
1562			SHOOT_READY_TO_AIM_KILLSHOT
1563			MISFIRE
1564			RELOAD_1
1565			RELOAD_2
1566			RELOAD_TO_SHOOT_READY
1567			SHOOT_READY_TO_RELOAD_1
1568			SHOOT_READY_TO_RELOAD_2
1569			MOVING_FIRE_FORWARD_LOW
1570			MOVING_FIRE_FORWARD_LEVEL
1571			MOVING_FIRE_FORWARD_HIGH
1572			MOVING_FIRE_LEFT_LEVEL
1573			MOVING_FIRE_RIGHT_LEVEL
1574			MOVING_FIRE_BACKWARD_LEVEL
1575			THROW_PILUM
1576			CRENEL_LEFT_OUTER_AIM
1577			CRENEL_LEFT_OUTER_AIM_TO_SHOOT_READY
1578			SHOOT_READY_TO_CRENEL_LEFT_OUTER_AIM
1579			CRENEL_LEFT_OUTER_FIRE
1580			CRENEL_LEFT_INNER_AIM
1581			CRENEL_LEFT_INNER_AIM_TO_SHOOT_READY
1582			SHOOT_READY_TO_CRENEL_LEFT_INNER_AIM
1583			CRENEL_LEFT_INNER_FIRE
1584			CRENEL_RIGHT_OUTER_AIM
1585			CRENEL_RIGHT_OUTER_AIM_TO_SHOOT_READY
1586			SHOOT_READY_TO_CRENEL_RIGHT_OUTER_AIM
1587			CRENEL_RIGHT_OUTER_FIRE
1588			CRENEL_RIGHT_INNER_AIM
1589			CRENEL_RIGHT_INNER_AIM_TO_SHOOT_READY
1590			SHOOT_READY_TO_CRENEL_RIGHT_INNER_AIM
1591			CRENEL_RIGHT_INNER_FIRE
1592			KNEEL_AIM
1593			KNEEL_FIRE
1594			KNEEL_MISFIRE
1595			KNEEL_RELOAD
1596			KNEEL_AIM_TO_SHOOT_READY_KNEEL
1597			SHOOT_READY_KNEEL_TO_KNEEL_AIM
1598			KNEEL_RELOAD_TO_SHOOT_READY_KNEEL
1599			SHOOT_READY_KNEEL_TO_KNEEL_RELOAD
1600			ENGINE_CREW_LOADING_IDLE_1
1601			ENGINE_CREW_LOADING_IDLE_2
1602			ENGINE_CREW_LOADING_IDLE_3
1603			ENGINE_CREW_LOADING_IDLE_4
1604			ENGINE_CREW_LOADING_IDLE_5
1605			ENGINE_CREW_LOADING_1
1606			ENGINE_CREW_LOADING_2
1607			ENGINE_CREW_LOADING_3
1608			ENGINE_CREW_LOADING_4
1609			ENGINE_CREW_LOADING_5
1610			ENGINE_CREW_FIRING_IDLE_1
1611			ENGINE_CREW_FIRING_IDLE_2
1612			ENGINE_CREW_FIRING_IDLE_3
1613			ENGINE_CREW_FIRING_IDLE_4
1614			ENGINE_CREW_FIRING_IDLE_5
1615			ENGINE_CREW_FIRING_1
1616			ENGINE_CREW_FIRING_2
1617			ENGINE_CREW_FIRING_3
1618			ENGINE_CREW_FIRING_4
1619			ENGINE_CREW_FIRING_5
1620			PUSH_ENGINE_READY_1
1621			PUSH_ENGINE_READY_2
1622			PUSH_ENGINE_READY_3
1623			PUSH_ENGINE_READY_4
1624			PUSH_ENGINE_READY_5
1625			PUSH_ENGINE_FORWARDS_1
1626			PUSH_ENGINE_FORWARDS_2
1627			PUSH_ENGINE_FORWARDS_3
1628			PUSH_ENGINE_FORWARDS_4
1629			PUSH_ENGINE_FORWARDS_5
1630			PUSH_ENGINE_BACKWARDS_1
1631			PUSH_ENGINE_BACKWARDS_2
1632			PUSH_ENGINE_BACKWARDS_3
1633			PUSH_ENGINE_BACKWARDS_4
1634			PUSH_ENGINE_BACKWARDS_5
1635			PUSH_ENGINE_STEP_LEFT_1
1636			PUSH_ENGINE_STEP_LEFT_2
1637			PUSH_ENGINE_STEP_LEFT_3
1638			PUSH_ENGINE_STEP_LEFT_4
1639			PUSH_ENGINE_STEP_LEFT_5
1640			PUSH_ENGINE_STEP_RIGHT_1
1641			PUSH_ENGINE_STEP_RIGHT_2
1642			PUSH_ENGINE_STEP_RIGHT_3
1643			PUSH_ENGINE_STEP_RIGHT_4
1644			PUSH_ENGINE_STEP_RIGHT_5
1645			PUSH_ENGINE_TO_STAND_NO_WEAPON_1
1646			PUSH_ENGINE_TO_STAND_NO_WEAPON_2
1647			PUSH_ENGINE_TO_STAND_NO_WEAPON_3
1648			PUSH_ENGINE_TO_STAND_NO_WEAPON_4
1649			PUSH_ENGINE_TO_STAND_NO_WEAPON_5
1650			STAND_NO_WEAPON_TO_PUSH_ENGINE_1
1651			STAND_NO_WEAPON_TO_PUSH_ENGINE_2
1652			STAND_NO_WEAPON_TO_PUSH_ENGINE_3
1653			STAND_NO_WEAPON_TO_PUSH_ENGINE_4
1654			STAND_NO_WEAPON_TO_PUSH_ENGINE_5
1655			ENGINE_CREW_LOADING_IDLE_TO_PUSH_1
1656			ENGINE_CREW_LOADING_IDLE_TO_PUSH_2
1657			ENGINE_CREW_LOADING_IDLE_TO_PUSH_3
1658			ENGINE_CREW_LOADING_IDLE_TO_PUSH_4
1659			ENGINE_CREW_LOADING_IDLE_TO_PUSH_5
1660			PUSH_TO_ENGINE_CREW_LOADING_IDLE_1
1661			PUSH_TO_ENGINE_CREW_LOADING_IDLE_2
1662			PUSH_TO_ENGINE_CREW_LOADING_IDLE_3
1663			PUSH_TO_ENGINE_CREW_LOADING_IDLE_4
1664			PUSH_TO_ENGINE_CREW_LOADING_IDLE_5
1665			ENGINE_CREW_FIRING_IDLE_TO_PUSH_1
1666			ENGINE_CREW_FIRING_IDLE_TO_PUSH_2
1667			ENGINE_CREW_FIRING_IDLE_TO_PUSH_3
1668			ENGINE_CREW_FIRING_IDLE_TO_PUSH_4
1669			ENGINE_CREW_FIRING_IDLE_TO_PUSH_5
1670			PUSH_TO_ENGINE_CREW_FIRING_IDLE_1
1671			PUSH_TO_ENGINE_CREW_FIRING_IDLE_2
1672			PUSH_TO_ENGINE_CREW_FIRING_IDLE_3
1673			PUSH_TO_ENGINE_CREW_FIRING_IDLE_4
1674			PUSH_TO_ENGINE_CREW_FIRING_IDLE_5
1675			ENGINE_CREW_LOADING_IDLE_TO_STAND_1
1676			ENGINE_CREW_LOADING_IDLE_TO_STAND_2
1677			ENGINE_CREW_LOADING_IDLE_TO_STAND_3
1678			ENGINE_CREW_LOADING_IDLE_TO_STAND_4
1679			ENGINE_CREW_LOADING_IDLE_TO_STAND_5
1680			STAND_TO_ENGINE_CREW_LOADING_IDLE_1
1681			STAND_TO_ENGINE_CREW_LOADING_IDLE_2
1682			STAND_TO_ENGINE_CREW_LOADING_IDLE_3
1683			STAND_TO_ENGINE_CREW_LOADING_IDLE_4
1684			STAND_TO_ENGINE_CREW_LOADING_IDLE_5
1685			ENGINE_CREW_FIRING_IDLE_TO_STAND_1
1686			ENGINE_CREW_FIRING_IDLE_TO_STAND_2
1687			ENGINE_CREW_FIRING_IDLE_TO_STAND_3
1688			ENGINE_CREW_FIRING_IDLE_TO_STAND_4
1689			ENGINE_CREW_FIRING_IDLE_TO_STAND_5
1690			STAND_TO_ENGINE_CREW_FIRING_IDLE_1
1691			STAND_TO_ENGINE_CREW_FIRING_IDLE_2
1692			STAND_TO_ENGINE_CREW_FIRING_IDLE_3
1693			STAND_TO_ENGINE_CREW_FIRING_IDLE_4
1694			STAND_TO_ENGINE_CREW_FIRING_IDLE_5
1695			COVER_EARS_L
1696			COVER_EARS_R
1697			COVER_EARS_S
1698			RIDER_REFUSE_1
1699			RIDER_REFUSE_2
1700			RIDER_REFUSE_3
1701			RIDER_REFUSE_4
1702			RIDER_REFUSE_CAN_THROW_RIDER_1
1703			RIDER_REFUSE_CAN_THROW_RIDER_2
1704			RIDER_REFUSE_CAN_THROW_RIDER_3
1705			RIDER_REFUSE_CAN_THROW_RIDER_4
1706			RIDER_STAND
1707			RIDER_STAND_TO_WALK
1708			RIDER_COMBAT_READY
1709			RIDER_STAND_TO_RIDER_COMBAT_READY
1710			RIDER_COMBAT_READY_TO_RIDER_STAND
1711			RIDER_WALK_1
1712			RIDER_WALK_2
1713			RIDER_WALK_3
1714			RIDER_WALK_4
1715			RIDER_WALK_5
1716			RIDER_WALK_TO_STAND
1717			RIDER_WALK_IDLE_1
1718			RIDER_WALK_IDLE_2
1719			RIDER_WALK_IDLE_3
1720			RIDER_WALK_IDLE_4
1721			RIDER_WALK_IDLE_5
1722			RIDER_RUN_1
1723			RIDER_RUN_2
1724			RIDER_RUN_3
1725			RIDER_RUN_4
1726			RIDER_RUN_5
1727			RIDER_RUN_TO_STAND
1728			RIDER_RUN_IDLE_1
1729			RIDER_RUN_IDLE_2
1730			RIDER_RUN_IDLE_3
1731			RIDER_RUN_IDLE_4
1732			RIDER_RUN_IDLE_5
1733			RIDER_WALK_JUMP
1734			RIDER_RUN_JUMP
1735			RIDER_CHARGE
1736			RIDER_CHARGE_2
1737			RIDER_CHARGE_3
1738			RIDER_STEP_FORWARD
1739			RIDER_STEP_BACKWARD
1740			RIDER_STEP_LEFT
1741			RIDER_STEP_RIGHT
1742			RIDER_TURN_LEFT_45
1743			RIDER_TURN_RIGHT_45
1744			RIDER_TURN_LEFT_90
1745			RIDER_TURN_RIGHT_90
1746			RIDER_TURN_LEFT_180
1747			RIDER_TURN_RIGHT_180
1748			RIDER_TURN_LEFT_TO_WALK_45
1749			RIDER_TURN_RIGHT_TO_WALK_45
1750			RIDER_TURN_LEFT_TO_WALK_90
1751			RIDER_TURN_RIGHT_TO_WALK_90
1752			RIDER_TURN_LEFT_TO_WALK_180
1753			RIDER_TURN_RIGHT_TO_WALK_180
1754			RIDER_LEAN_LEFT
1755			RIDER_LEAN_RIGHT
1756			RIDER_FLY_STAND
1757			RIDER_FLY_IDLE_1
1758			RIDER_FLY_IDLE_2
1759			RIDER_FLY_IDLE_3
1760			RIDER_FLY_IDLE_4
1761			RIDER_FLY_IDLE_5
1762			RIDER_FLY_WALK_1
1763			RIDER_FLY_WALK_2
1764			RIDER_FLY_WALK_3
1765			RIDER_FLY_WALK_4
1766			RIDER_FLY_WALK_5
1767			RIDER_FLY_STEP_FORWARD
1768			RIDER_FLY_STEP_BACKWARD
1769			RIDER_FLY_STEP_LEFT
1770			RIDER_FLY_STEP_RIGHT
1771			RIDER_FLY_CHARGE_AIR_TO_AIR
1772			RIDER_FLY_CHARGE_AIR_TO_GROUND
1773			RIDER_FLY_CHARGE_LAND
1774			RIDER_FLY_TAKEOFF
1775			RIDER_FLY_COMBAT_READY
1776			RIDER_FLY_COMBAT_READY_MOVE_1
1777			RIDER_FLY_COMBAT_READY_MOVE_2
1778			RIDER_FLY_COMBAT_READY_MOVE_3
1779			RIDER_FLY_COMBAT_READY_MOVE_4
1780			RIDER_FLY_COMBAT_READY_MOVE_5
1781			RIDER_FLY_COMBAT_IDLE_1
1782			RIDER_FLY_COMBAT_IDLE_2
1783			RIDER_FLY_COMBAT_IDLE_3
1784			RIDER_FLY_COMBAT_IDLE_4
1785			RIDER_FLY_COMBAT_IDLE_5
1786			RIDER_COMBAT_1
1787			RIDER_COMBAT_2
1788			RIDER_COMBAT_3
1789			RIDER_COMBAT_4
1790			RIDER_COMBAT_5
1791			RIDER_COMBAT_6
1792			RIDER_COMBAT_7
1793			RIDER_COMBAT_8
1794			RIDER_COMBAT_9
1795			RIDER_COMBAT_10
1796			RIDER_COMBAT_11
1797			RIDER_COMBAT_12
1798			RIDER_COMBAT_13
1799			RIDER_COMBAT_14
1800			RIDER_COMBAT_15
1801			RIDER_COMBAT_16
1802			RIDER_COMBAT_17
1803			RIDER_COMBAT_18
1804			RIDER_COMBAT_19
1805			RIDER_COMBAT_20
1806			RIDER_COMBAT_21
1807			RIDER_COMBAT_22
1808			RIDER_COMBAT_23
1809			RIDER_COMBAT_24
1810			RIDER_COMBAT_25
1811			RIDER_COMBAT_26
1812			RIDER_COMBAT_27
1813			RIDER_COMBAT_28
1814			RIDER_COMBAT_29
1815			RIDER_COMBAT_30
1816			RIDER_COMBAT_31
1817			RIDER_COMBAT_32
1818			RIDER_COMBAT_33
1819			RIDER_COMBAT_34
1820			RIDER_COMBAT_35
1821			RIDER_COMBAT_36
1822			RIDER_COMBAT_37
1823			RIDER_COMBAT_38
1824			RIDER_COMBAT_39
1825			RIDER_COMBAT_40
1826			RIDER_COMBAT_41
1827			RIDER_COMBAT_42
1828			RIDER_COMBAT_43
1829			RIDER_COMBAT_44
1830			RIDER_COMBAT_45
1831			RIDER_COMBAT_46
1832			RIDER_COMBAT_47
1833			RIDER_COMBAT_48
1834			RIDER_COMBAT_49
1835			RIDER_COMBAT_50
1836			RIDER_COMBAT_51
1837			RIDER_COMBAT_52
1838			RIDER_COMBAT_53
1839			RIDER_COMBAT_54
1840			RIDER_COMBAT_55
1841			RIDER_COMBAT_56
1842			RIDER_COMBAT_57
1843			RIDER_COMBAT_58
1844			RIDER_COMBAT_59
1845			RIDER_COMBAT_60
1846			RIDER_COMBAT_61
1847			RIDER_COMBAT_62
1848			RIDER_COMBAT_63
1849			RIDER_COMBAT_64
1850			RIDER_COMBAT_65
1851			RIDER_COMBAT_66
1852			RIDER_COMBAT_67
1853			RIDER_COMBAT_68
1854			RIDER_COMBAT_69
1855			RIDER_COMBAT_70
1856			RIDER_COMBAT_71
1857			RIDER_COMBAT_72
1858			RIDER_COMBAT_73
1859			RIDER_COMBAT_74
1860			RIDER_COMBAT_75
1861			RIDER_COMBAT_76
1862			RIDER_COMBAT_77
1863			RIDER_COMBAT_78
1864			RIDER_COMBAT_79
1865			RIDER_COMBAT_80
1866			RIDER_COMBAT_81
1867			RIDER_COMBAT_82
1868			RIDER_COMBAT_83
1869			RIDER_COMBAT_84
1870			RIDER_COMBAT_85
1871			RIDER_COMBAT_86
1872			RIDER_COMBAT_87
1873			RIDER_COMBAT_88
1874			RIDER_COMBAT_89
1875			RIDER_COMBAT_90
1876			RIDER_COMBAT_91
1877			RIDER_COMBAT_92
1878			RIDER_COMBAT_93
1879			RIDER_COMBAT_94
1880			RIDER_COMBAT_95
1881			RIDER_COMBAT_96
1882			RIDER_COMBAT_97
1883			RIDER_COMBAT_98
1884			RIDER_COMBAT_99
1885			RIDER_COMBAT_100
1886			RIDER_COMBAT_IDLE_1
1887			RIDER_COMBAT_IDLE_2
1888			RIDER_COMBAT_IDLE_3
1889			RIDER_COMBAT_IDLE_4
1890			RIDER_COMBAT_IDLE_5
1891			RIDER_COMBAT_IDLE_6
1892			RIDER_COMBAT_IDLE_7
1893			RIDER_COMBAT_IDLE_8
1894			RIDER_COMBAT_IDLE_9
1895			RIDER_COMBAT_IDLE_10
1896			RIDER_COMBAT_IDLE_11
1897			RIDER_COMBAT_IDLE_12
1898			RIDER_COMBAT_IDLE_13
1899			RIDER_COMBAT_IDLE_14
1900			RIDER_COMBAT_IDLE_15
1901			RIDER_ATTACK_1
1902			RIDER_ATTACK_2
1903			RIDER_ATTACK_3
1904			RIDER_ATTACK_4
1905			RIDER_ATTACK_5
1906			RIDER_ATTACK_6
1907			RIDER_ATTACK_7
1908			RIDER_ATTACK_8
1909			RIDER_ATTACK_9
1910			RIDER_ATTACK_10
1911			RIDER_ATTACK_IDLE_1
1912			RIDER_ATTACK_IDLE_2
1913			RIDER_ATTACK_IDLE_3
1914			RIDER_ATTACK_IDLE_4
1915			RIDER_ATTACK_IDLE_5
1916			RIDER_ATTACK_IDLE_6
1917			RIDER_ATTACK_IDLE_7
1918			RIDER_ATTACK_IDLE_8
1919			RIDER_ATTACK_IDLE_9
1920			RIDER_ATTACK_IDLE_10
1921			RIDER_DEFEND_1
1922			RIDER_DEFEND_2
1923			RIDER_DEFEND_3
1924			RIDER_DEFEND_4
1925			RIDER_DEFEND_5
1926			RIDER_DEFEND_6
1927			RIDER_DEFEND_7
1928			RIDER_DEFEND_8
1929			RIDER_DEFEND_9
1930			RIDER_DEFEND_10
1931			RIDER_MOVING_ATTACK_1
1932			RIDER_MOVING_ATTACK_2
1933			RIDER_MOVING_ATTACK_3
1934			RIDER_MOVING_ATTACK_4
1935			RIDER_MOVING_ATTACK_5
1936			RIDER_JUMPING_ATTACK_1
1937			RIDER_JUMPING_ATTACK_2
1938			RIDER_JUMPING_ATTACK_3
1939			RIDER_JUMPING_ATTACK_4
1940			RIDER_JUMPING_ATTACK_5
1941			RIDER_FLY_ATTACK_1
1942			RIDER_FLY_ATTACK_2
1943			RIDER_FLY_ATTACK_3
1944			RIDER_FLY_ATTACK_4
1945			RIDER_FLY_ATTACK_5
1946			RIDER_FLY_ATTACK_6
1947			RIDER_FLY_ATTACK_7
1948			RIDER_FLY_ATTACK_8
1949			RIDER_FLY_ATTACK_9
1950			RIDER_FLY_ATTACK_10
1951			RIDER_FLY_DEFEND_1
1952			RIDER_FLY_DEFEND_2
1953			RIDER_FLY_DEFEND_3
1954			RIDER_FLY_DEFEND_4
1955			RIDER_FLY_DEFEND_5
1956			RIDER_FLY_DEFEND_6
1957			RIDER_FLY_DEFEND_7
1958			RIDER_FLY_DEFEND_8
1959			RIDER_FLY_DEFEND_9
1960			RIDER_FLY_DEFEND_10
1961			RIDER_FATIGUED
1962			RIDER_INJURED
1963			RIDER_WADING
1964			RIDER_STAND_IDLE_1
1965			RIDER_STAND_IDLE_2
1966			RIDER_STAND_IDLE_3
1967			RIDER_STAND_IDLE_4
1968			RIDER_STAND_IDLE_5
1969			RIDER_STAND_IDLE_6
1970			RIDER_STAND_IDLE_7
1971			RIDER_STAND_IDLE_8
1972			RIDER_STAND_IDLE_9
1973			RIDER_STAND_IDLE_10
1974			RIDER_DEATH_STAND_1
1975			RIDER_DEATH_STAND_2
1976			RIDER_DEATH_STAND_3
1977			RIDER_DEATH_STAND_4
1978			RIDER_DEATH_STAND_5
1979			RIDER_DEATH_STAND_6
1980			RIDER_DEATH_STAND_7
1981			RIDER_DEATH_STAND_8
1982			RIDER_DEATH_STAND_9
1983			RIDER_DEATH_STAND_10
1984			RIDER_DEATH_STAND_11
1985			RIDER_DEATH_STAND_12
1986			RIDER_DEATH_STAND_13
1987			RIDER_DEATH_STAND_14
1988			RIDER_DEATH_STAND_15
1989			RIDER_DEATH_STAND_16
1990			RIDER_DEATH_STAND_17
1991			RIDER_DEATH_STAND_18
1992			RIDER_DEATH_STAND_19
1993			RIDER_DEATH_STAND_20
1994			RIDER_DEATH_WALK_1
1995			RIDER_DEATH_WALK_2
1996			RIDER_DEATH_WALK_3
1997			RIDER_DEATH_WALK_4
1998			RIDER_DEATH_WALK_5
1999			RIDER_DEATH_RUN_1
2000			RIDER_DEATH_RUN_2
2001			RIDER_DEATH_RUN_3
2002			RIDER_DEATH_RUN_4
2003			RIDER_DEATH_RUN_5
2004			RIDER_DEATH_CHARGE_1
2005			RIDER_DEATH_CHARGE_2
2006			RIDER_DEATH_CHARGE_3
2007			RIDER_DEATH_CHARGE_4
2008			RIDER_DEATH_CHARGE_5
2009			RIDER_DEATH_JUMP_1
2010			RIDER_DEATH_JUMP_2
2011			RIDER_DEATH_JUMP_3
2012			RIDER_DEATH_JUMP_4
2013			RIDER_DEATH_JUMP_5
2014			RIDER_DEATH_MOVING_1
2015			RIDER_DEATH_MOVING_2
2016			RIDER_DEATH_MOVING_3
2017			RIDER_DEATH_MOVING_4
2018			RIDER_DEATH_MOVING_5
2019			RIDER_DEATH_MOVING_6
2020			RIDER_DEATH_MOVING_7
2021			RIDER_DEATH_MOVING_8
2022			RIDER_DEATH_MOVING_9
2023			RIDER_DEATH_MOVING_10
2024			RIDER_DEATH_MOVING_11
2025			RIDER_DEATH_MOVING_12
2026			RIDER_DEATH_BURNING_STAND_1
2027			RIDER_DEATH_BURNING_STAND_2
2028			RIDER_DEATH_BURNING_STAND_3
2029			RIDER_DEATH_BURNING_STAND_4
2030			RIDER_DEATH_BURNING_STAND_5
2031			RIDER_DEATH_BURNING_MOVING_1
2032			RIDER_DEATH_BURNING_MOVING_2
2033			RIDER_DEATH_BURNING_MOVING_3
2034			RIDER_DEATH_BURNING_MOVING_4
2035			RIDER_DEATH_BURNING_MOVING_5
2036			RIDER_DEATH_POISON_STAND_1
2037			RIDER_DEATH_POISON_STAND_2
2038			RIDER_DEATH_POISON_STAND_3
2039			RIDER_DEATH_POISON_STAND_4
2040			RIDER_DEATH_POISON_STAND_5
2041			RIDER_DEATH_POISON_MOVING_1
2042			RIDER_DEATH_POISON_MOVING_2
2043			RIDER_DEATH_POISON_MOVING_3
2044			RIDER_DEATH_POISON_MOVING_4
2045			RIDER_DEATH_POISON_MOVING_5
2046			RIDER_DEATH_ATTACHED_TRANSITION_1
2047			RIDER_DEATH_ATTACHED_STATIONARY_1
2048			RIDER_DEATH_ATTACHED_MOVING_1
2049			RIDER_DEATH_KILL_ELEPHANT
2050			RIDER_MOUNT_LEFT
2051			RIDER_MOUNT_RIGHT
2052			RIDER_DISMOUNT_LEFT
2053			RIDER_DISMOUNT_RIGHT
2054			RIDER_RESURRECT
2055			RIDER_RUN_RESURRECT
2056			RIDER_RUN_RESURRECT_TO_STAND
2057			RIDER_SHOOT_READY
2058			RIDER_RELOAD
2059			RIDER_SHOOT_READY_TO_RIDER_STAND
2060			RIDER_STAND_TO_RIDER_SHOOT_READY
2061			RIDER_SHOOT_READY_TO_RIDER_RELOAD
2062			RIDER_RELOAD_TO_RIDER_SHOOT_READY
2063			RIDER_SHOOT_STAND
2064			RIDER_SHOOT_STAND_IDLE_1
2065			RIDER_SHOOT_STAND_IDLE_2
2066			RIDER_SHOOT_STAND_IDLE_3
2067			RIDER_SHOOT_STAND_IDLE_4
2068			RIDER_SHOOT_STAND_IDLE_5
2069			RIDER_SHOOT_STAND_IDLE_6
2070			RIDER_SHOOT_STAND_IDLE_7
2071			RIDER_SHOOT_STAND_IDLE_8
2072			RIDER_SHOOT_STAND_IDLE_9
2073			RIDER_SHOOT_STAND_IDLE_10
2074			RIDER_SHOOT_READY_IDLE_1
2075			RIDER_SHOOT_READY_IDLE_2
2076			RIDER_SHOOT_READY_IDLE_3
2077			RIDER_SHOOT_READY_IDLE_4
2078			RIDER_SHOOT_READY_IDLE_5
2079			RIDER_SHOOT_READY_IDLE_6
2080			RIDER_SHOOT_READY_IDLE_7
2081			RIDER_SHOOT_READY_IDLE_8
2082			RIDER_SHOOT_READY_IDLE_9
2083			RIDER_SHOOT_READY_IDLE_10
2084			RIDER_SHOOT_WALK_1
2085			RIDER_SHOOT_WALK_2
2086			RIDER_SHOOT_WALK_3
2087			RIDER_SHOOT_WALK_4
2088			RIDER_SHOOT_WALK_5
2089			RIDER_SHOOT_RUN_1
2090			RIDER_SHOOT_RUN_2
2091			RIDER_SHOOT_RUN_3
2092			RIDER_SHOOT_RUN_4
2093			RIDER_SHOOT_RUN_5
2094			RIDER_SHOOT_STEP_FORWARD
2095			RIDER_SHOOT_STEP_BACKWARD
2096			RIDER_SHOOT_STEP_LEFT
2097			RIDER_SHOOT_STEP_RIGHT
2098			RIDER_SHOOT_TURN_LEFT_45
2099			RIDER_SHOOT_TURN_RIGHT_45
2100			RIDER_SHOOT_TURN_LEFT_90
2101			RIDER_SHOOT_TURN_RIGHT_90
2102			RIDER_SHOOT_TURN_LEFT_180
2103			RIDER_SHOOT_TURN_RIGHT_180
2104			RIDER_FIRE_FORWARD_LOW
2105			RIDER_FIRE_FORWARD_LEVEL
2106			RIDER_FIRE_FORWARD_HIGH
2107			RIDER_FIRE_LEFT_LOW
2108			RIDER_FIRE_LEFT_LEVEL
2109			RIDER_FIRE_LEFT_HIGH
2110			RIDER_FIRE_RIGHT_LOW
2111			RIDER_FIRE_RIGHT_LEVEL
2112			RIDER_FIRE_RIGHT_HIGH
2113			RIDER_FIRE_BACK_LOW
2114			RIDER_FIRE_BACK_LEVEL
2115			RIDER_FIRE_BACK_HIGH
2116			RIDER_THROW_PILUM
2117			RIDER_SHIELD_UP
2118			RIDER_SHIELD_UP_TO_RIDER_STAND
2119			RIDER_STAND_TO_RIDER_SHIELD_UP
2120			RIDER_TESTUDO_SHIELD_UP
2121			RIDER_TESTUDO_SHIELD_UP_TO_RIDER_TESTUDO
2122			RIDER_TESTUDO_TO_RIDER_TESTUDO_SHIELD_UP
2123			RIDER_TESTUDO
2124			RIDER_TESTUDO_TO_RIDER_STAND
2125			RIDER_STAND_TO_RIDER_TESTUDO
2126			RIDER_TESTUDO_IDLE_1
2127			RIDER_TESTUDO_IDLE_2
2128			RIDER_TESTUDO_IDLE_3
2129			RIDER_KNOCKBACK_1
2130			RIDER_KNOCKBACK_2
2131			RIDER_KNOCKBACK_3
2132			RIDER_KNOCKBACK_4
2133			RIDER_KNOCKBACK_5
2134			RIDER_KNOCKBACK_6
2135			RIDER_KNOCKBACK_7
2136			RIDER_KNOCKBACK_8
2137			RIDER_KNOCKBACK_9
2138			RIDER_KNOCKBACK_10
2139			VO_RIDER_LOOK_DOWN_LEFT
2140			VO_RIDER_LOOK_DOWN_RIGHT
2141			VO_RIDER_LOOK_LEFT_SHORT
2142			VO_RIDER_LOOK_LEFT_MEDIUM
2143			VO_RIDER_LOOK_RIGHT_SHORT
2144			VO_RIDER_LOOK_RIGHT_MEDIUM
2145			VO_RIDER_LOOK_BACK_SHORT
2146			VO_RIDER_LOOK_BACK_MEDIUM
2147			VO_RIDER_POINT_FORWARD
2148			VO_RIDER_POINT_UPWARD
2149			VO_RIDER_POINT_LEFT_45
2150			VO_RIDER_POINT_LEFT_90
2151			VO_RIDER_POINT_RIGHT_45
2152			VO_RIDER_POINT_RIGHT_90
2153			VO_RIDER_ORDER_POINT_FORWARD
2154			VO_RIDER_ORDER_POINT_UPWARD
2155			VO_RIDER_ORDER_POINT_LEFT_45
2156			VO_RIDER_ORDER_POINT_LEFT_90
2157			VO_RIDER_ORDER_POINT_RIGHT_45
2158			VO_RIDER_ORDER_POINT_RIGHT_90
2159			VO_RIDER_ORDER_ATTACK
2160			VO_RIDER_ORDER_RETREAT
2161			VO_RIDER_ORDER_TIGHT_FORMATION
2162			VO_RIDER_ORDER_LOOSE_FORMATION
2163			RIDER_GENERAL_SPEECH_1
2164			RIDER_GENERAL_SPEECH_2
2165			RIDER_GENERAL_SPEECH_3
2166			RIDER_CELEBRATE_1
2167			RIDER_CELEBRATE_2
2168			RIDER_CELEBRATE_3
2169			RIDER_CELEBRATE_4
2170			RIDER_CELEBRATE_5
2171			RIDER_TAUNT_1
2172			RIDER_TAUNT_2
2173			RIDER_TAUNT_3
2174			RIDER_TAUNT_4
2175			RIDER_TAUNT_5
2176			RIDER_BASH_SHIELD_1
2177			RIDER_BASH_SHIELD_2
2178			RIDER_BASH_SHIELD_3
2179			RIDER_BASH_SHIELD_4
2180			RIDER_BASH_SHIELD_5
2181			RIDER_RAISE_WEAPON_1
2182			RIDER_RAISE_WEAPON_2
2183			RIDER_RAISE_WEAPON_3
2184			RIDER_RAISE_WEAPON_4
2185			RIDER_RAISE_WEAPON_5
2186			WAVERING_RIDER_STAND_LOOK_FORWARD_1
2187			WAVERING_RIDER_STAND_LOOK_FORWARD_2
2188			WAVERING_RIDER_STAND_LOOK_BACK_1
2189			WAVERING_RIDER_STAND_LOOK_BACK_2
2190			WAVERING_RIDER_STAND_LOOK_LEFT_1
2191			WAVERING_RIDER_STAND_LOOK_LEFT_2
2192			WAVERING_RIDER_STAND_LOOK_RIGHT_1
2193			WAVERING_RIDER_STAND_LOOK_RIGHT_2
2194			WAVERING_RIDER_SHOOT_LOOK_FORWARD_1
2195			WAVERING_RIDER_SHOOT_LOOK_FORWARD_2
2196			WAVERING_RIDER_SHOOT_LOOK_BACK_1
2197			WAVERING_RIDER_SHOOT_LOOK_BACK_2
2198			WAVERING_RIDER_SHOOT_LOOK_LEFT_1
2199			WAVERING_RIDER_SHOOT_LOOK_LEFT_2
2200			WAVERING_RIDER_SHOOT_LOOK_RIGHT_1
2201			WAVERING_RIDER_SHOOT_LOOK_RIGHT_2
2202			RIDER_HIT_REACTION_STAND_1
2203			RIDER_HIT_REACTION_STAND_2
2204			RIDER_HIT_REACTION_STAND_3
2205			RIDER_HIT_REACTION_STAND_4
2206			RIDER_HIT_REACTION_STAND_5
2207			RIDER_HIT_REACTION_STAND_6
2208			RIDER_HIT_REACTION_STAND_7
2209			RIDER_HIT_REACTION_STAND_8
2210			RIDER_HIT_REACTION_STAND_9
2211			RIDER_HIT_REACTION_STAND_10
2212			RIDER_HIT_REACTION_SHOOT_1
2213			RIDER_HIT_REACTION_SHOOT_2
2214			RIDER_HIT_REACTION_SHOOT_3
2215			RIDER_HIT_REACTION_SHOOT_4
2216			RIDER_HIT_REACTION_SHOOT_5
2217			RIDER_HIT_REACTION_SHOOT_6
2218			RIDER_HIT_REACTION_SHOOT_7
2219			RIDER_HIT_REACTION_SHOOT_8
2220			RIDER_HIT_REACTION_SHOOT_9
2221			RIDER_HIT_REACTION_SHOOT_10
2222			STAND_WADING
2223			STAND_WADING_TO_WALK_WADING
2224			STAND_WADING_TO_COMBAT_READY
2225			COMBAT_READY_TO_STAND_WADING
2226			WADING_IDLE_1
2227			WADING_IDLE_2
2228			WADING_IDLE_3
2229			WADING_IDLE_4
2230			WADING_IDLE_5
2231			WALK_WADING_1
2232			WALK_WADING_2
2233			WALK_WADING_3
2234			WALK_WADING_4
2235			WALK_WADING_5
2236			WALK_WADING_TO_STAND_WADING
2237			WALK_WADING_TO_RUN_WADING
2238			RUN_WADING_1
2239			RUN_WADING_2
2240			RUN_WADING_3
2241			RUN_WADING_4
2242			RUN_WADING_5
2243			RUN_WADING_TO_STAND_WADING
2244			STEP_FORWARD_WADING
2245			STEP_BACKWARD_WADING
2246			STEP_LEFT_WADING
2247			STEP_RIGHT_WADING
2248			TURN_LEFT_WADING_45
2249			TURN_RIGHT_WADING_45
2250			TURN_LEFT_WADING_90
2251			TURN_RIGHT_WADING_90
2252			TURN_LEFT_WADING_180
2253			TURN_RIGHT_WADING_180
2254			TURN_LEFT_TO_WALK_WADING_45
2255			TURN_RIGHT_TO_WALK_WADING_45
2256			TURN_LEFT_TO_WALK_WADING_90
2257			TURN_RIGHT_TO_WALK_WADING_90
2258			TURN_LEFT_TO_WALK_WADING_180
2259			TURN_RIGHT_TO_WALK_WADING_180
2260			BEAM_FREE
2261			BEAM_FREE_LOOPED
2262			BEAM_LOCKED
2263			BEAM_LOCKED_LOOPED
2264			BEAM_NORMALISED
2265			BEAM_NORMALISED_LOOPED
2266			BEAM_TRACK_MOVEMENT
2267			BEAM_TRACK_TRANSITION_MOVEMENT
2268			BEAM_TRACK_BACKWARDS_MOVEMENT
2269			BEAM_TRACK_ROTATION
2270			BEAM_TRACK_ROTATION_LOOPED
2271			BEAM_TRACK_SLIDE
2272			BEAM_TRACK_CLIMBING
2273			BEAM_TRACK_CLIMBING_NON_LOOPED
2274			BEAM_TRACK_MOVEMENT_UNTIL_DEATH
2275			BEAM_TURN_TO_MOVE_LEFT
2276			BEAM_TURN_TO_MOVE_RIGHT
2277			BEAM_COMBAT
2278			BEAM_ANIMATION_ACTION_LOCKED
2279			BEAM_ANIMATION_ACTION_CONTROL_MOTION
2280			BEAM_ANIMATION_ACTION_CONTROL_MOTION_NORMALISED
2281			BEAM_DEATH_CONTROL_MOTION
2282			BEAM_RIDER_SYNCHED
2283			BEAM_RIDER_SYNCHED_LOOPED
2284			BEAM_RIDER_SYNCHED_COMBAT
2285			BEAM_RIDER_SYNCHED_TURN
2286			BEAM_RIDER_SYNCHED_TURN_TO_MOVE
2287			BEAM_RIDER_SPLICED
2288			BEAM_RIDER_SPLICED_LOOPED
2289			BEAM_RIDER_DEATH
2290			BEAM_TEST
2291			BEAM_TEST_LOOPED
